Distribution,In-Distribution,In-Distribution,In-Distribution,In-Distribution,In-Distribution,In-Distribution,In-Distribution,In-Distribution,In-Distribution,In-Distribution,In-Distribution,In-Distribution,In-Distribution,In-Distribution,In-Distribution,In-Distribution,In-Distribution,In-Distribution,In-Distribution,In-Distribution,In-Distribution,In-Distribution,In-Distribution,In-Distribution,In-Distribution,In-Distribution,In-Distribution,In-Distribution,In-Distribution,In-Distribution,In-Distribution,In-Distribution,In-Distribution,In-Distribution,In-Distribution,In-Distribution,In-Distribution,In-Distribution,In-Distribution,In-Distribution,In-Distribution,In-Distribution,In-Distribution,In-Distribution,In-Distribution,In-Distribution,In-Distribution,In-Distribution,In-Distribution,In-Distribution,In-Distribution,In-Distribution,OOD_HIHA_Pediatric,OOD_HIHA_Pediatric,OOD_HIHA_Pediatric,OOD_HIHA_Pediatric,OOD_HIHA_Pediatric,OOD_HIHA_Pediatric,OOD_HIHA_Pediatric,OOD_HIHA_Pediatric,OOD_HIHA_Pediatric,OOD_HIHA_Pediatric,OOD_HIHA_Pediatric,OOD_HIHA_Pediatric,OOD_HIHA_Pediatric,OOD_HIHA_Pediatric,OOD_HIHA_Pediatric,OOD_HIHA_Pediatric,OOD_HIHA_Pediatric,OOD_HIHA_Pediatric,OOD_HIHA_Pediatric,OOD_HIHA_Pediatric,OOD_HIHA_Pediatric,OOD_HIHA_Pediatric,OOD_HIHA_Pediatric,OOD_HIHA_Pediatric,OOD_HIHA_Pediatric,OOD_HIHA_Pediatric,OOD_HIHA_Pediatric,OOD_HIHA_Pediatric,OOD_HIHA_Pediatric,OOD_HIHA_Pediatric,OOD_HIHA_Pediatric,OOD_HIHA_Pediatric,OOD_HIHA_Pediatric,OOD_HIHA_Pediatric,OOD_HIHA_Pediatric,OOD_HIHA_Pediatric,OOD_HIHA_Pediatric,OOD_HIHA_Pediatric,OOD_HIHA_Pediatric,OOD_HIHA_Pediatric,OOD_HIHA_Pediatric,OOD_HIHA_Pediatric,OOD_HIHA_Pediatric,OOD_HIHA_Pediatric,OOD_HIHA_Pediatric,OOD_HIHA_Pediatric,OOD_HIHA_Pediatric,OOD_HIHA_Pediatric,OOD_HIHA_Pediatric,OOD_HIHA_Pediatric,OOD_HIHA_Pediatric,OOD_HIHA_Pediatric,OOD_HIHA_Young_Adult,OOD_HIHA_Young_Adult,OOD_HIHA_Young_Adult,OOD_HIHA_Young_Adult,OOD_HIHA_Young_Adult,OOD_HIHA_Young_Adult,OOD_HIHA_Young_Adult,OOD_HIHA_Young_Adult,OOD_HIHA_Young_Adult,OOD_HIHA_Young_Adult,OOD_HIHA_Young_Adult,OOD_HIHA_Young_Adult,OOD_HIHA_Young_Adult,OOD_HIHA_Young_Adult,OOD_HIHA_Young_Adult,OOD_HIHA_Young_Adult,OOD_HIHA_Young_Adult,OOD_HIHA_Young_Adult,OOD_HIHA_Young_Adult,OOD_HIHA_Young_Adult,OOD_HIHA_Young_Adult,OOD_HIHA_Young_Adult,OOD_HIHA_Young_Adult,OOD_HIHA_Young_Adult,OOD_HIHA_Young_Adult,OOD_HIHA_Young_Adult,OOD_HIHA_Young_Adult,OOD_HIHA_Young_Adult,OOD_HIHA_Young_Adult,OOD_HIHA_Young_Adult,OOD_HIHA_Young_Adult,OOD_HIHA_Young_Adult,OOD_HIHA_Young_Adult,OOD_HIHA_Young_Adult,OOD_HIHA_Young_Adult,OOD_HIHA_Young_Adult,OOD_HIHA_Young_Adult,OOD_HIHA_Young_Adult,OOD_HIHA_Young_Adult,OOD_HIHA_Young_Adult,OOD_HIHA_Young_Adult,OOD_HIHA_Young_Adult,OOD_HIHA_Young_Adult,OOD_HIHA_Young_Adult,OOD_HIHA_Young_Adult,OOD_HIHA_Young_Adult,OOD_HIHA_Young_Adult,OOD_HIHA_Young_Adult,OOD_HIHA_Young_Adult,OOD_HIHA_Young_Adult,OOD_HIHA_Young_Adult,OOD_HIHA_Young_Adult,OOD_HIHA_Older_Adult,OOD_HIHA_Older_Adult,OOD_HIHA_Older_Adult,OOD_HIHA_Older_Adult,OOD_HIHA_Older_Adult,OOD_HIHA_Older_Adult,OOD_HIHA_Older_Adult,OOD_HIHA_Older_Adult,OOD_HIHA_Older_Adult,OOD_HIHA_Older_Adult,OOD_HIHA_Older_Adult,OOD_HIHA_Older_Adult,OOD_HIHA_Older_Adult,OOD_HIHA_Older_Adult,OOD_HIHA_Older_Adult,OOD_HIHA_Older_Adult,OOD_HIHA_Older_Adult,OOD_HIHA_Older_Adult,OOD_HIHA_Older_Adult,OOD_HIHA_Older_Adult,OOD_HIHA_Older_Adult,OOD_HIHA_Older_Adult,OOD_HIHA_Older_Adult,OOD_HIHA_Older_Adult,OOD_HIHA_Older_Adult,OOD_HIHA_Older_Adult,OOD_HIHA_Older_Adult,OOD_HIHA_Older_Adult,OOD_HIHA_Older_Adult,OOD_HIHA_Older_Adult,OOD_HIHA_Older_Adult,OOD_HIHA_Older_Adult,OOD_HIHA_Older_Adult,OOD_HIHA_Older_Adult,OOD_HIHA_Older_Adult,OOD_HIHA_Older_Adult,OOD_HIHA_Older_Adult,OOD_HIHA_Older_Adult,OOD_HIHA_Older_Adult,OOD_HIHA_Older_Adult,OOD_HIHA_Older_Adult,OOD_HIHA_Older_Adult,OOD_HIHA_Older_Adult,OOD_HIHA_Older_Adult,OOD_HIHA_Older_Adult,OOD_HIHA_Older_Adult,OOD_HIHA_Older_Adult,OOD_HIHA_Older_Adult,OOD_HIHA_Older_Adult,OOD_HIHA_Older_Adult,OOD_HIHA_Older_Adult,OOD_HIHA_Older_Adult,OOD_AIDA,OOD_AIDA,OOD_AIDA,OOD_AIDA,OOD_AIDA,OOD_AIDA,OOD_AIDA,OOD_AIDA,OOD_AIDA,OOD_AIDA,OOD_AIDA,OOD_AIDA,OOD_AIDA,OOD_AIDA,OOD_AIDA,OOD_AIDA,OOD_AIDA,OOD_AIDA,OOD_AIDA,OOD_AIDA,OOD_AIDA,OOD_AIDA,OOD_AIDA,OOD_AIDA,OOD_AIDA,OOD_AIDA,OOD_AIDA,OOD_AIDA,OOD_AIDA,OOD_AIDA,OOD_AIDA,OOD_AIDA,OOD_AIDA,OOD_AIDA,OOD_AIDA,OOD_AIDA,OOD_AIDA,OOD_AIDA,OOD_AIDA,OOD_AIDA,OOD_AIDA,OOD_AIDA,OOD_AIDA,OOD_AIDA,OOD_AIDA,OOD_AIDA,OOD_AIDA,OOD_AIDA,OOD_AIDA,OOD_AIDA,OOD_AIDA,OOD_AIDA,All,All,All,All
Category,Baseline,Baseline,Baseline,Classification Report,Classification Report,Classification Report,Classification Report,Classification Report,Classification Report,Classification Report,Classification Report,Classification Report,Classification Report,Classification Report,Classification Report,Classification Report,Classification Report,Classification Report,Classification Report,Classification Report,Classification Report,Classification Report,Classification Report,Classification Report,Classification Report,Classification Report,Classification Report,Classification Report,Classification Report,Classification Report,Classification Report,Classification Report,Classification Report,Classification Report,Classification Report,Classification Report,Classification Report,Classification Report,Classification Report,Classification Report,Dropout,Dropout,Consistency,Consistency,Dropout,Dropout,Dropout,Dropout,Dropout,Dropout,Dropout,Dropout,Baseline,Baseline,Baseline,Classification Report,Classification Report,Classification Report,Classification Report,Classification Report,Classification Report,Classification Report,Classification Report,Classification Report,Classification Report,Classification Report,Classification Report,Classification Report,Classification Report,Classification Report,Classification Report,Classification Report,Classification Report,Classification Report,Classification Report,Classification Report,Classification Report,Classification Report,Classification Report,Classification Report,Classification Report,Classification Report,Classification Report,Classification Report,Classification Report,Classification Report,Classification Report,Classification Report,Classification Report,Classification Report,Classification Report,Classification Report,Dropout,Dropout,Consistency,Consistency,Dropout,Dropout,Dropout,Dropout,Dropout,Dropout,Dropout,Dropout,Baseline,Baseline,Baseline,Classification Report,Classification Report,Classification Report,Classification Report,Classification Report,Classification Report,Classification Report,Classification Report,Classification Report,Classification Report,Classification Report,Classification Report,Classification Report,Classification Report,Classification Report,Classification Report,Classification Report,Classification Report,Classification Report,Classification Report,Classification Report,Classification Report,Classification Report,Classification Report,Classification Report,Classification Report,Classification Report,Classification Report,Classification Report,Classification Report,Classification Report,Classification Report,Classification Report,Classification Report,Classification Report,Classification Report,Classification Report,Dropout,Dropout,Consistency,Consistency,Dropout,Dropout,Dropout,Dropout,Dropout,Dropout,Dropout,Dropout,Baseline,Baseline,Baseline,Classification Report,Classification Report,Classification Report,Classification Report,Classification Report,Classification Report,Classification Report,Classification Report,Classification Report,Classification Report,Classification Report,Classification Report,Classification Report,Classification Report,Classification Report,Classification Report,Classification Report,Classification Report,Classification Report,Classification Report,Classification Report,Classification Report,Classification Report,Classification Report,Classification Report,Classification Report,Classification Report,Classification Report,Classification Report,Classification Report,Classification Report,Classification Report,Classification Report,Classification Report,Classification Report,Classification Report,Classification Report,Dropout,Dropout,Consistency,Consistency,Dropout,Dropout,Dropout,Dropout,Dropout,Dropout,Dropout,Dropout,Baseline,Baseline,Baseline,Classification Report,Classification Report,Classification Report,Classification Report,Classification Report,Classification Report,Classification Report,Classification Report,Classification Report,Classification Report,Classification Report,Classification Report,Classification Report,Classification Report,Classification Report,Classification Report,Classification Report,Classification Report,Classification Report,Classification Report,Classification Report,Classification Report,Classification Report,Classification Report,Classification Report,Classification Report,Classification Report,Classification Report,Classification Report,Classification Report,Classification Report,Classification Report,Classification Report,Classification Report,Classification Report,Classification Report,Classification Report,Dropout,Dropout,Consistency,Consistency,Dropout,Dropout,Dropout,Dropout,Dropout,Dropout,Dropout,Dropout,Technical_Metrics,Technical_Metrics,Technical_Metrics,Technical_Metrics
Sub-Category,Overall,Batch Effect,Batch Effect,B cell,B cell,B cell,B cell,CD4+ T cell,CD4+ T cell,CD4+ T cell,CD4+ T cell,CD8+ T cell,CD8+ T cell,CD8+ T cell,CD8+ T cell,Dendritic cell,Dendritic cell,Dendritic cell,Dendritic cell,Monocyte,Monocyte,Monocyte,Monocyte,NK cell,NK cell,NK cell,NK cell,Plasma cell,Plasma cell,Plasma cell,Plasma cell,Total_Accuracy,macro avg,macro avg,macro avg,macro avg,weighted avg,weighted avg,weighted avg,weighted avg,Random,Random,Num Samples,Inconsistent Predictions,FI_0.1%,FI_0.1%,FI_0.5%,FI_0.5%,FI_1.0%,FI_1.0%,FI_2.0%,FI_2.0%,Overall,Batch Effect,Batch Effect,B cell,B cell,B cell,B cell,CD4+ T cell,CD4+ T cell,CD4+ T cell,CD4+ T cell,CD8+ T cell,CD8+ T cell,CD8+ T cell,CD8+ T cell,Dendritic cell,Dendritic cell,Dendritic cell,Dendritic cell,Monocyte,Monocyte,Monocyte,Monocyte,NK cell,NK cell,NK cell,NK cell,Plasma cell,Plasma cell,Plasma cell,Plasma cell,Total_Accuracy,macro avg,macro avg,macro avg,macro avg,weighted avg,weighted avg,weighted avg,weighted avg,Random,Random,Num Samples,Inconsistent Predictions,FI_0.1%,FI_0.1%,FI_0.5%,FI_0.5%,FI_1.0%,FI_1.0%,FI_2.0%,FI_2.0%,Overall,Batch Effect,Batch Effect,B cell,B cell,B cell,B cell,CD4+ T cell,CD4+ T cell,CD4+ T cell,CD4+ T cell,CD8+ T cell,CD8+ T cell,CD8+ T cell,CD8+ T cell,Dendritic cell,Dendritic cell,Dendritic cell,Dendritic cell,Monocyte,Monocyte,Monocyte,Monocyte,NK cell,NK cell,NK cell,NK cell,Plasma cell,Plasma cell,Plasma cell,Plasma cell,Total_Accuracy,macro avg,macro avg,macro avg,macro avg,weighted avg,weighted avg,weighted avg,weighted avg,Random,Random,Num Samples,Inconsistent Predictions,FI_0.1%,FI_0.1%,FI_0.5%,FI_0.5%,FI_1.0%,FI_1.0%,FI_2.0%,FI_2.0%,Overall,Batch Effect,Batch Effect,B cell,B cell,B cell,B cell,CD4+ T cell,CD4+ T cell,CD4+ T cell,CD4+ T cell,CD8+ T cell,CD8+ T cell,CD8+ T cell,CD8+ T cell,Dendritic cell,Dendritic cell,Dendritic cell,Dendritic cell,Monocyte,Monocyte,Monocyte,Monocyte,NK cell,NK cell,NK cell,NK cell,Plasma cell,Plasma cell,Plasma cell,Plasma cell,Total_Accuracy,macro avg,macro avg,macro avg,macro avg,weighted avg,weighted avg,weighted avg,weighted avg,Random,Random,Num Samples,Inconsistent Predictions,FI_0.1%,FI_0.1%,FI_0.5%,FI_0.5%,FI_1.0%,FI_1.0%,FI_2.0%,FI_2.0%,Overall,Batch Effect,Batch Effect,B cell,B cell,B cell,B cell,CD4+ T cell,CD4+ T cell,CD4+ T cell,CD4+ T cell,CD8+ T cell,CD8+ T cell,CD8+ T cell,CD8+ T cell,Dendritic cell,Dendritic cell,Dendritic cell,Dendritic cell,Monocyte,Monocyte,Monocyte,Monocyte,NK cell,NK cell,NK cell,NK cell,Plasma cell,Plasma cell,Plasma cell,Plasma cell,Total_Accuracy,macro avg,macro avg,macro avg,macro avg,weighted avg,weighted avg,weighted avg,weighted avg,Random,Random,Num Samples,Inconsistent Predictions,FI_0.1%,FI_0.1%,FI_0.5%,FI_0.5%,FI_1.0%,FI_1.0%,FI_2.0%,FI_2.0%,Resource_Usage,Resource_Usage,Resource_Usage,Resource_Usage
Metric,Accuracy,Macro_F1_Mean,Macro_F1_Std,precision,recall,f1-score,support,precision,recall,f1-score,support,precision,recall,f1-score,support,precision,recall,f1-score,support,precision,recall,f1-score,support,precision,recall,f1-score,support,precision,recall,f1-score,support,accuracy,precision,recall,f1-score,support,precision,recall,f1-score,support,Accuracy,Macro_F1,Count,Count,Accuracy,Macro_F1,Accuracy,Macro_F1,Accuracy,Macro_F1,Accuracy,Macro_F1,Accuracy,Macro_F1_Mean,Macro_F1_Std,precision,recall,f1-score,support,precision,recall,f1-score,support,precision,recall,f1-score,support,precision,recall,f1-score,support,precision,recall,f1-score,support,precision,recall,f1-score,support,precision,recall,f1-score,support,accuracy,precision,recall,f1-score,support,precision,recall,f1-score,support,Accuracy,Macro_F1,Count,Count,Accuracy,Macro_F1,Accuracy,Macro_F1,Accuracy,Macro_F1,Accuracy,Macro_F1,Accuracy,Macro_F1_Mean,Macro_F1_Std,precision,recall,f1-score,support,precision,recall,f1-score,support,precision,recall,f1-score,support,precision,recall,f1-score,support,precision,recall,f1-score,support,precision,recall,f1-score,support,precision,recall,f1-score,support,accuracy,precision,recall,f1-score,support,precision,recall,f1-score,support,Accuracy,Macro_F1,Count,Count,Accuracy,Macro_F1,Accuracy,Macro_F1,Accuracy,Macro_F1,Accuracy,Macro_F1,Accuracy,Macro_F1_Mean,Macro_F1_Std,precision,recall,f1-score,support,precision,recall,f1-score,support,precision,recall,f1-score,support,precision,recall,f1-score,support,precision,recall,f1-score,support,precision,recall,f1-score,support,precision,recall,f1-score,support,accuracy,precision,recall,f1-score,support,precision,recall,f1-score,support,Accuracy,Macro_F1,Count,Count,Accuracy,Macro_F1,Accuracy,Macro_F1,Accuracy,Macro_F1,Accuracy,Macro_F1,Accuracy,Macro_F1_Mean,Macro_F1_Std,precision,recall,f1-score,support,precision,recall,f1-score,support,precision,recall,f1-score,support,precision,recall,f1-score,support,precision,recall,f1-score,support,precision,recall,f1-score,support,precision,recall,f1-score,support,accuracy,precision,recall,f1-score,support,precision,recall,f1-score,support,Accuracy,Macro_F1,Count,Count,Accuracy,Macro_F1,Accuracy,Macro_F1,Accuracy,Macro_F1,Accuracy,Macro_F1,Total_Pipeline_Time_Min,Avg_Time_per_Epoch_Sec,Peak_RAM_GB,Peak_VRAM_GB
0,0.8795776530339482,0.7861847112474614,0.1021120755748335,1.0,0.9964844998402044,0.9982391547943013,3129.0,0.8468108554897369,0.9508120649651972,0.8958029728942,6465.0,0.776863148610907,0.825652241837213,0.8005149954559224,6401.0,0.7743589743589744,0.9151515151515152,0.8388888888888889,165.0,0.9980614788147328,0.987938596491228,0.9929742388758782,3648.0,0.992816091954023,0.5352439969016266,0.6955208857574232,2582.0,0.8235294117647058,1.0,0.9032258064516128,56.0,0.8795776530339482,0.8874914229990114,0.8873261307409976,0.8750238490168896,22446.0,0.8890047000342622,0.8795776530339482,0.8752630884477661,22446.0,0.8791455047669963,0.8753658943991998,22446,0,0.880156820814399,0.8742453488778157,0.8740087320680745,0.8713659635639851,0.8740978348035284,0.8712543409958926,0.8631381983426891,0.8684408077736808,0.9348893118301111,0.9325654309571072,0.0025062521094837,1.0,0.9988452655889144,0.9994222992489892,866.0,0.9724770642201837,0.9476978095663836,0.9599275526375368,4474.0,0.8369210697977821,0.9546130952380952,0.89190128606187,2688.0,0.8263888888888888,0.9916666666666668,0.9015151515151516,120.0,0.9976931949250288,0.9730033745781778,0.9851936218678816,889.0,0.99672131147541,0.6940639269406392,0.8183041722745625,876.0,0.9859154929577464,1.0,0.9929078014184396,70.0,0.9348893118301111,0.9451595746092912,0.9371271626541252,0.9355959835749188,9983.0,0.9410762387310486,0.9348893118301111,0.9343887796873128,9983.0,0.9331864169087448,0.9286562926828508,9983,259,0.9373935690674146,0.9364982953174588,0.9355905038565562,0.935224909961038,0.9331864169087448,0.930955874660348,0.9312831814083944,0.9292593575271478,0.956491298259652,0.9417959109979944,0.0137816322147842,1.0,0.996900826446281,0.9984480082772892,968.0,0.9710278224879284,0.9661404712880348,0.968577981651376,4371.0,0.8782191182889568,0.9397477814105558,0.907942238267148,2141.0,0.8727272727272727,0.9863013698630136,0.9260450160771704,146.0,0.998812351543943,0.9876688197298884,0.993209329790375,1703.0,0.997991967871486,0.7901430842607313,0.8819875776397516,629.0,0.8695652173913043,1.0,0.9302325581395348,40.0,0.956491298259652,0.9411919643301274,0.9524146218569294,0.9437775299775208,9998.0,0.9585462009737672,0.956491298259652,0.9564586828947595,9998.0,0.9565813162632528,0.9431436239949422,9998,169,0.9576915383076616,0.9442731700355678,0.9551910382076416,0.9420914508278614,0.9530906181236248,0.939011980340176,0.95499099819964,0.9446078329485312,0.956887066119836,0.9420931132354998,0.0049246029440597,1.0,1.0,1.0,764.0,0.980801944106926,0.9805636540330418,0.9806827845948244,4116.0,0.8139397519196693,0.9457789979409746,0.8749206349206349,1457.0,0.8291457286432161,0.9880239520958084,0.9016393442622952,167.0,0.999160016799664,0.9859096560298384,0.9924906132665832,2413.0,1.0,0.7730769230769231,0.8720173535791758,1040.0,0.975609756097561,1.0,0.9876543209876544,40.0,0.956887066119836,0.942665313938148,0.9533361690252268,0.944200721658738,9997.0,0.9618241340358082,0.956887066119836,0.9569978540899852,9997.0,0.9564169250775232,0.9440862056209128,9997,199,0.956887066119836,0.9457091664238286,0.9553866159847956,0.9432488669765868,0.9498849654896468,0.936850681407394,0.9500850255076524,0.9369362168382356,0.9027952921395545,0.906524044163904,0.0207301677719383,0.9988839285714286,1.0,0.9994416527079844,895.0,0.9920106524633822,0.9654427645788336,0.9785464098073556,2315.0,0.7070063694267515,0.991537376586742,0.825440313111546,2127.0,0.9135802469135802,0.9487179487179488,0.9308176100628932,156.0,0.9946421737466512,0.9942616679418516,0.994451884446145,2614.0,0.994661921708185,0.4101247248716067,0.5807792207792207,1363.0,0.9787234042553192,1.0,0.989247311827957,46.0,0.9027952921395545,0.9399298138693284,0.9014406403852834,0.8998177718204431,9516.0,0.9287060698687604,0.9027952921395545,0.8929549171126662,9516.0,0.894661622530475,0.8876204045906346,9516,193,0.9033207229928542,0.8981483827503892,0.9023749474569148,0.8968221426411975,0.8926019335855402,0.8823134586522484,0.8935477091214796,0.8891392668189214,212.14,233.61,7.718856811523437,4.201984882354736
0,0.8415753363628263,0.76746987224489,0.0445236544992119,1.0,0.9990412272291468,0.9995203836930456,3129.0,0.8461645941036747,0.936736272235112,0.889149904566143,6465.0,0.7013196875841637,0.8136228714263396,0.7533087437622044,6401.0,0.5551330798479087,0.8848484848484849,0.6822429906542056,165.0,1.0,0.9682017543859648,0.9838440111420612,3648.0,0.8674971687429218,0.2966692486444616,0.4421356421356421,2582.0,0.9491525423728814,1.0,0.9739130434782608,56.0,0.8415753363628263,0.8456095818073645,0.8427314083956443,0.8177306742045088,22446.0,0.8518768872560145,0.8415753363628263,0.8284571454580201,22446.0,0.847438296355698,0.8318488179624044,22446,0,0.8423327096141852,0.820177727755585,0.8444266238973537,0.8219646035686557,0.8437583533814488,0.8217279704448044,0.8534705515459324,0.8421103663800781,0.8844034859260743,0.8317768863825142,0.0147814352834708,1.0,0.9988452655889144,0.9994222992489892,866.0,0.9780527667522764,0.9362986142154672,0.956720338015302,4474.0,0.7293952180028129,0.964657738095238,0.8306903732180042,2688.0,0.5586854460093896,0.9916666666666668,0.7147147147147147,120.0,0.9987437185929648,0.8942632170978627,0.9436201780415432,889.0,0.99,0.2260273972602739,0.3680297397769517,876.0,0.9859154929577464,1.0,0.9929078014184396,70.0,0.8844034859260743,0.8915418060450272,0.8588226998463461,0.8294436349191351,9983.0,0.9109087376839188,0.8844034859260743,0.8710111117728819,9983.0,0.8905038565561453,0.8399561275787584,9983,329,0.8850045076630272,0.8301235245424451,0.8852048482420114,0.8296371040837486,0.8868075728738856,0.8361153303546273,0.8869077431633777,0.8366854410845318,0.910882176435287,0.8395376865788188,0.0280799653972565,0.9989669421487604,0.9989669421487604,0.9989669421487604,968.0,0.978563015312132,0.950354609929078,0.9642525533890436,4371.0,0.7437386569872958,0.9570294255021018,0.8370098039215687,2141.0,0.6180257510729614,0.9863013698630136,0.7598944591029023,146.0,0.9987623762376238,0.9477392836171462,0.9725821030430852,1703.0,0.9929078014184396,0.2225755166931637,0.3636363636363636,629.0,0.975,0.975,0.975,40.0,0.910882176435287,0.9008520775967448,0.8625667353933234,0.8387631750345319,9998.0,0.9293165131046864,0.910882176435287,0.9010567199738206,9998.0,0.9116623324664932,0.8503571247033413,9998,244,0.9111822364472896,0.8404323390683405,0.910482096419284,0.8377293354610436,0.910882176435287,0.8422826149282671,0.910482096419284,0.8376871920231201,0.8801640492147644,0.8065316341790643,0.0207455133256501,1.0,1.0,1.0,764.0,0.9878922658759576,0.9713313896987368,0.9795418351096412,4116.0,0.5991489361702128,0.96636925188744,0.7396900446545837,1457.0,0.4474393530997305,0.994011976047904,0.6171003717472119,167.0,0.9995473064735174,0.9150435142975548,0.9554305495456512,2413.0,0.9953703703703703,0.2067307692307692,0.3423566878980891,1040.0,1.0,1.0,1.0,40.0,0.8801640492147644,0.8613426045699697,0.8647838430232007,0.8048742127078824,9997.0,0.9267720090045892,0.8801640492147644,0.8680687428150912,9997.0,0.8865559667900371,0.820926604119235,9997,228,0.8786635990797239,0.8047091319853733,0.8787636290887266,0.8049223105698021,0.88296488946684,0.8141602958401467,0.8833650095028509,0.8141965689408698,0.8477301387137453,0.8069333153123583,0.0119050747883014,0.9988839285714286,1.0,0.9994416527079844,895.0,0.9936965330932012,0.9533477321814254,0.9731040564373896,2315.0,0.619520748100526,0.996708979783733,0.7641016399351235,2127.0,0.5519713261648745,0.9871794871794872,0.7080459770114943,156.0,0.9979951884522856,0.9521805661820965,0.9745497259201252,2614.0,0.9936305732484076,0.1144534115920763,0.2052631578947368,1363.0,0.9787234042553192,1.0,0.989247311827957,46.0,0.8477301387137453,0.8763459574122919,0.8576957395598311,0.8019647888192587,9516.0,0.9044068851220394,0.8477301387137453,0.8150155080382329,9516.0,0.8503993274485078,0.8074962990801795,9516,179,0.8463640184951661,0.7993508905555359,0.8455233291298865,0.8001426694905142,0.8485708280790248,0.8039102041785029,0.8496216897856242,0.804088837349443,206.66,233.19,11.733814239501951,4.382584095001221
0,0.822462799607948,0.6384329968356102,0.0311648307047141,1.0,0.980824544582934,0.9903194578896418,3129.0,0.8632394366197184,0.9480278422273782,0.903649096940656,6465.0,0.6533333333333333,0.8497109826589595,0.7386934673366834,6401.0,0.6981132075471698,0.896969696969697,0.7851458885941645,165.0,0.9994422755158952,0.9824561403508772,0.9908764169200996,3648.0,0.9473684210526316,0.0139426800929512,0.0274809160305343,2582.0,0.4827586206896552,1.0,0.6511627906976745,56.0,0.822462799607948,0.8063221849654862,0.8102759838403996,0.7267611477727792,22446.0,0.8520949599330361,0.822462799607948,0.7805784978121986,22446.0,0.8218034393655884,0.7310189839621323,22446,0,0.822195491401586,0.7253387864269737,0.8229528646529448,0.72982079432559,0.8227746591820368,0.7290847367800609,0.8022810300276219,0.7215549267714467,0.871681859160573,0.7833611981948302,0.0076768805022812,1.0,0.9896073903002308,0.9947765525246662,866.0,0.9833411543876116,0.9367456414841304,0.959478021978022,4474.0,0.693796394485684,0.9735863095238096,0.8102167182662539,2688.0,0.73125,0.975,0.8357142857142857,120.0,0.998819362455726,0.9516310461192352,0.9746543778801844,889.0,1.0,0.0045662100456621,0.009090909090909,876.0,0.8641975308641975,1.0,0.9271523178807948,70.0,0.871681859160573,0.8959149203133171,0.8330195139247241,0.7872975976193023,9983.0,0.9057985849435366,0.871681859160573,0.8385917518133038,9983.0,0.8691174997495743,0.7879863948075422,9983,149,0.8720825403185415,0.7870434023454481,0.8712811780026044,0.7872016848864505,0.8728839026344786,0.7917204361985407,0.8708804968446359,0.7871168046246705,0.8946789357871574,0.7763063038306166,0.0037297881385162,1.0,0.9803719008264464,0.9900886802295252,968.0,0.9892420537897312,0.9256463051933196,0.9563881337903322,4371.0,0.68686537831641,0.9794488556749182,0.8074701578744705,2141.0,0.8089887640449438,0.9863013698630136,0.8888888888888888,146.0,1.0,0.9800352319436288,0.9899169632265716,1703.0,0.0,0.0,0.0,629.0,0.6779661016949152,1.0,0.8080808080808081,40.0,0.8946789357871574,0.7375803282637143,0.8359719519287611,0.7772619474415138,9998.0,0.861250929756822,0.8946789357871574,0.8717245030750974,9998.0,0.8928085617123424,0.7794218139067939,9998,146,0.8952790558111622,0.7775505078205962,0.8948789757951591,0.7760817524197471,0.8949789957991598,0.7782016878703687,0.8943788757751551,0.7779438358201968,0.860258077423227,0.7556139968645395,0.0246371350574006,0.9986684420772304,0.981675392670157,0.99009900990099,764.0,0.9923175416133164,0.9414480077745384,0.9662136890662012,4116.0,0.5285185185185185,0.9794097460535348,0.6865528025018042,1457.0,0.680327868852459,0.994011976047904,0.8077858880778589,167.0,0.9995717344753748,0.967260671363448,0.983150800336984,2413.0,1.0,0.0076923076923076,0.015267175572519,1040.0,0.7407407407407407,1.0,0.851063829787234,40.0,0.860258077423227,0.8485921208968056,0.8387854430859844,0.7571618850347989,9997.0,0.9215388768156412,0.860258077423227,0.8293330160363133,9997.0,0.8602080624187256,0.7564143071049427,9997,132,0.8606581974592378,0.7541084154471065,0.8609582874862459,0.7563945683591522,0.8607582274682405,0.7536491217722394,0.8596578973692107,0.7538013028059029,0.8383774695250105,0.7927687297029645,0.0094396065936668,1.0,0.9955307262569832,0.9977603583426652,895.0,0.9945429740791268,0.944708423326134,0.9689853788214444,2315.0,0.5871254162042175,0.9948283968030088,0.7384400628162624,2127.0,0.8654970760233918,0.9487179487179488,0.9051987767584098,156.0,0.9961538461538462,0.9908186687069626,0.9934790947449176,2614.0,1.0,0.0007336757153338,0.001466275659824,1363.0,0.9,0.9782608695652174,0.9375,46.0,0.8383774695250105,0.9061884732086548,0.8362283870130841,0.791832849591932,9516.0,0.9026425433969474,0.8383774695250105,0.7871109271606122,9516.0,0.8385140815468685,0.7915347334757945,9516,55,0.8387978142076503,0.7933861149673122,0.8396385035729298,0.7936793562814431,0.8384825556956704,0.7927360743641968,0.8392181588902901,0.7925197360447166,205.94,233.38,12.197982788085938,4.382584095001221
0,0.7994297424930945,0.7122304362947356,0.0594084856822574,1.0,0.9996804090763822,0.9998401789995204,3129.0,0.7826464746772592,0.9752513534416086,0.8683974932855864,6465.0,0.6347537354731599,0.7167630057803468,0.6732702325922665,6401.0,0.896774193548387,0.8424242424242424,0.86875,165.0,0.9969813391877058,0.9958881578947368,0.996434448710916,3648.0,0.5423728813559322,0.0371804802478698,0.069590431315694,2582.0,0.9482758620689656,0.9821428571428572,0.9649122807017544,56.0,0.7994297424930945,0.8288292123302015,0.792761500858292,0.7773135808008196,22446.0,0.779218302360389,0.7994297424930945,0.7602399836620223,22446.0,0.7927960438385458,0.7761443608197489,22446,0,0.7996970506994565,0.7801657996771795,0.7903412634767888,0.7760263750543012,0.7910986367281475,0.7739759478911346,0.7547447206629243,0.7543310901767409,0.8805970149253731,0.8171879690306556,0.0117146077680402,0.9988452655889144,0.9988452655889144,0.9988452655889144,866.0,0.9629959875167188,0.965578900312919,0.9642857142857144,4474.0,0.7139219015280136,0.9386160714285714,0.81099324975892,2688.0,0.9147286821705426,0.9833333333333332,0.9477911646586346,120.0,0.9988623435722412,0.9876265466816648,0.993212669683258,889.0,1.0,0.0194063926940639,0.038073908174692,876.0,0.9722222222222222,1.0,0.9859154929577464,70.0,0.8805970149253731,0.9373680575140932,0.8419152157199239,0.81987392358684,9983.0,0.9049662165991028,0.8805970149253731,0.8472635452511058,9983.0,0.8785936091355305,0.8211814176771568,9983,185,0.8820995692677552,0.8210799755980537,0.8706801562656517,0.8168498884651172,0.8721827106080337,0.8158326950753302,0.8711810077131122,0.8147651162361196,0.9072814562912582,0.8129402217602706,0.0083948410055151,0.9969072164948454,0.9989669421487604,0.997936016511868,968.0,0.9705069124423964,0.963623884694578,0.9670531511881528,4371.0,0.7199570815450643,0.9402148528724896,0.8154749848085883,2141.0,0.9527027027027029,0.9657534246575342,0.9591836734693876,146.0,0.9970605526161082,0.9958896065766296,0.9964747356051704,1703.0,1.0,0.0079491255961844,0.0157728706624605,629.0,0.9736842105263158,0.925,0.9487179487179488,40.0,0.9072814562912582,0.944402668046776,0.828199690935168,0.8143733401376538,9998.0,0.9255407176996988,0.9072814562912582,0.8825595594078451,9998.0,0.9072014402880576,0.8160348762599338,9998,149,0.90748149629926,0.8181419054711111,0.9025805161032208,0.8150397540915926,0.9016803360672134,0.8141318103483968,0.9022804560912182,0.8140766085292129,0.8766629988996699,0.7997935624224105,0.0147269914486858,1.0,1.0,1.0,764.0,0.9821034567295904,0.9732750242954324,0.9776693105552166,4116.0,0.548988496628322,0.9498970487302676,0.6958270487682252,1457.0,0.923529411764706,0.940119760479042,0.9317507418397626,167.0,0.995850622406639,0.9946125155408204,0.9952311839104292,2413.0,1.0,0.0125,0.0246913580246913,1040.0,1.0,1.0,1.0,40.0,0.8766629988996699,0.9214959982184654,0.8386291927207947,0.8035956632997607,9997.0,0.9246204892586164,0.8766629988996699,0.8427209288095789,9997.0,0.8783635090527158,0.813182333678688,9997,112,0.8770631189356807,0.8048553502391782,0.8740622186655996,0.8038630647742471,0.8742622786836051,0.8048676971655793,0.8731619485845754,0.8024574374718166,0.8352248844052123,0.8004094432346536,0.0128306060443965,0.9988839285714286,1.0,0.9994416527079844,895.0,0.9448851774530272,0.977537796976242,0.9609341825902336,2315.0,0.5888070692194404,0.9398213446168312,0.7240130387540746,2127.0,0.9849624060150376,0.8397435897435898,0.9065743944636678,156.0,0.9886449659348978,0.9992348890589136,0.9939117199391172,2614.0,0.2222222222222222,0.0014673514306676,0.0029154518950437,1363.0,1.0,1.0,1.0,46.0,0.8352248844052123,0.8183436813451506,0.8225435674037492,0.7982557771928745,9516.0,0.7798091533507769,0.8352248844052123,0.7827367851712992,9516.0,0.8312421185372004,0.7928499194240664,9516,90,0.8362757461118117,0.7994503120788359,0.8224043715846995,0.7915016610437726,0.8230348886086591,0.7914289278387443,0.8209331651954602,0.7893538523640284,214.01,234.12,12.566478729248049,4.383999347686768
0,0.8086073242448543,0.7438809906963725,0.0445330840343196,0.9996804090763822,0.9996804090763822,0.9996804090763822,3129.0,0.8450479233226837,0.900077339520495,0.8716950041195416,6465.0,0.6363522641981486,0.7947195750663959,0.706773185133727,6401.0,0.847457627118644,0.9090909090909092,0.8771929824561403,165.0,0.9986210700496416,0.9925986842105264,0.9956007698652736,3648.0,0.5017361111111112,0.1119287374128582,0.1830272324255858,2582.0,0.9655172413793104,1.0,0.9824561403508772,56.0,0.8086073242448543,0.8277732351794175,0.8154422363396525,0.8023465319182181,22446.0,0.7928752313924663,0.8086073242448543,0.7837407853617622,22446.0,0.8124565624164661,0.8131529451677387,22446,0,0.8079836050966764,0.8011090864051338,0.8098102111734831,0.8052890763935654,0.810077519379845,0.8074023154296983,0.8117259199857436,0.8193920925284882,0.8572573374737052,0.828692817343083,0.012014804923699,0.9976931949250288,0.9988452655889144,0.998268897864974,866.0,0.9769551360627604,0.8907018328118015,0.9318367824155268,4474.0,0.6716338477913784,0.9389880952380952,0.7831213155445237,2688.0,0.8623188405797102,0.9916666666666668,0.9224806201550388,120.0,0.9988518943742823,0.9786276715410572,0.9886363636363636,889.0,0.6318407960199005,0.1449771689497717,0.2358402971216341,876.0,0.9855072463768116,0.9714285714285714,0.9784172661870504,70.0,0.8572573374737052,0.8749715651614103,0.8450336103178397,0.8340859347035874,9983.0,0.8668924179045577,0.8572573374737052,0.8417559287653801,9983.0,0.8562255834919362,0.8395279680457405,9983,466,0.8572573374737052,0.8342152102803652,0.8583592106581188,0.8335277535668248,0.8618651707903436,0.8414644517958804,0.856255634578784,0.8362543126374158,0.8887777555511103,0.8175286812494325,0.0100340538721763,0.995880535530381,0.9989669421487604,0.997421351211965,968.0,0.985785536159601,0.9043697094486388,0.943324185658036,4371.0,0.6720026135249918,0.9607659971975712,0.7908496732026143,2141.0,0.9113924050632912,0.9863013698630136,0.9473684210526316,146.0,0.9988172678888232,0.991779213153259,0.9952857984678845,1703.0,0.5714285714285714,0.0635930047694753,0.1144492131616595,629.0,0.972972972972973,0.9,0.935064935064935,40.0,0.8887777555511103,0.8726114146526617,0.829396605225817,0.8176805111171037,9998.0,0.8945824286062639,0.8887777555511103,0.8726406971951418,9998.0,0.8889577915583116,0.8313046947638218,9998,368,0.8894778955791158,0.8181681497220747,0.8929785957191438,0.8202413671129526,0.8925785157031406,0.8228576643472779,0.8897779555911183,0.8225873413441172,0.8756626988096429,0.8243639895322378,0.0023789933925265,1.0,1.0,1.0,764.0,0.9903011740684022,0.9426627793974732,0.9658949464774708,4116.0,0.547950656585754,0.9450926561427592,0.6937027707808564,1457.0,0.868421052631579,0.9880239520958084,0.9243697478991596,167.0,0.999163179916318,0.9896394529631164,0.9943785134291068,2413.0,0.7692307692307693,0.1346153846153846,0.2291325695581014,1040.0,1.0,1.0,1.0,40.0,0.8756626988096429,0.8821524046332604,0.8571477464592203,0.8296397925920994,9997.0,0.9037161956625523,0.8756626988096429,0.858502701797839,9997.0,0.8822346704011202,0.8417309205588527,9997,297,0.8778633590077023,0.8334976919721727,0.8786635990797239,0.8354876013042197,0.8828648594578373,0.8442674503110027,0.879963989196759,0.8409437386919381,0.830285834384195,0.8222512956060679,0.020946085297911,0.9988839285714286,1.0,0.9994416527079844,895.0,0.987688098495212,0.9356371490280776,0.9609582963620232,2315.0,0.5837821663674446,0.9172543488481428,0.7134759553848967,2127.0,0.953020134228188,0.9102564102564102,0.9311475409836064,156.0,0.993140243902439,0.9969395562356542,0.9950362733867888,2614.0,0.3571428571428571,0.0696991929567131,0.1166359729895641,1363.0,1.0,1.0,1.0,46.0,0.830285834384195,0.8390939183867955,0.8328266653321424,0.8166708131164091,9516.0,0.809135055142674,0.830285834384195,0.7973876375122626,9516.0,0.8331231609920134,0.8255051191585207,9516,221,0.8299705758722152,0.8171387349496334,0.8346994535519126,0.8200378831441814,0.8351197982345523,0.8218486126072603,0.8358554014291719,0.8223301517603356,208.19,233.75,12.95068359375,4.383999347686768
0,0.8657221776708545,0.7645674685075479,0.0778933258872746,1.0,0.9984020453819112,0.9992003838157684,3129.0,0.8390648362104118,0.9548337200309358,0.8932137172623354,6465.0,0.7498547356188263,0.806436494297766,0.777117049303726,6401.0,0.8488372093023255,0.8848484848484849,0.8664688427299704,165.0,0.9988974641675854,0.993421052631579,0.9961517317207256,3648.0,0.9455894476504534,0.4442292796281952,0.6044795783926219,2582.0,0.8235294117647058,1.0,0.9032258064516128,56.0,0.8657221776708545,0.8865390149591869,0.868881582402696,0.8628367299538231,22446.0,0.8743223745213824,0.8657221776708545,0.8582253723867228,22446.0,0.8708233092755948,0.8628378291195388,22446,0,0.8662122427158514,0.8616034761602455,0.8610888354272476,0.8540062571899999,0.8628263387686002,0.8615763756304176,0.855341708990466,0.8634168625590795,0.914955424221176,0.9030083504151604,0.0106624823195593,1.0,0.9988452655889144,0.9994222992489892,866.0,0.9662666968530677,0.953956191327671,0.9600719829040604,4474.0,0.7911985018726592,0.9430803571428572,0.860488798370672,2688.0,0.8814814814814815,0.9916666666666668,0.9333333333333332,120.0,0.9977142857142856,0.9820022497187852,0.9897959183673468,889.0,0.9877750611246944,0.4611872146118721,0.6287937743190661,876.0,0.8974358974358975,1.0,0.945945945945946,70.0,0.914955424221176,0.9316959892117266,0.9043911350081094,0.9025502932127732,9983.0,0.9252405107580745,0.914955424221176,0.9098290881128964,9983.0,0.9224681959330864,0.9142668201524066,9983,272,0.914855253931684,0.9022248659628296,0.9122508264048884,0.8986044569330554,0.9125513372733648,0.8998662015638195,0.9125513372733648,0.8968697172464033,0.9321864372874576,0.9050640693723871,0.0218572469243474,0.998965873836608,0.9979338842975206,0.9984496124031008,968.0,0.969451515852812,0.9583619309082588,0.9638748274275196,4371.0,0.7930352196280174,0.9360112097150864,0.8586118251928021,2141.0,0.9342105263157896,0.9726027397260274,0.953020134228188,146.0,0.9976442873969376,0.9947152084556664,0.9961775948250514,1703.0,0.9828178694158076,0.4546899841017488,0.6217391304347826,629.0,0.9285714285714286,0.975,0.951219512195122,40.0,0.9321864372874576,0.943528103002486,0.8984735653149011,0.906156090958081,9998.0,0.9394957193613276,0.9321864372874576,0.9284494989343206,9998.0,0.9348269653930784,0.914087485039331,9998,249,0.9322864572914584,0.9055205091563008,0.9292858571714344,0.9004326199691551,0.9300860172034406,0.9067810761303586,0.9296859371874376,0.9043722249687232,0.9166750025007502,0.8799791924538496,0.0092706373573032,1.0,1.0,1.0,764.0,0.9830466830466832,0.9720602526724976,0.9775225995602248,4116.0,0.6539368222536539,0.9519560741249142,0.7752934600335383,1457.0,0.8864864864864865,0.9820359281437124,0.9318181818181818,167.0,0.9987473903966596,0.9912971404890178,0.995008319467554,2413.0,0.9976019184652278,0.4,0.5710363761153054,1040.0,0.8888888888888888,1.0,0.9411764705882352,40.0,0.9166750025007502,0.9155297413625144,0.8996213422043061,0.8845507725118628,9997.0,0.9396907416698504,0.9166750025007502,0.9107911565750768,9997.0,0.9292087626287886,0.9011628417537022,9997,247,0.9176753025907772,0.883364443066256,0.9169750925277584,0.8861638739884843,0.9155746724017204,0.8829948869643308,0.9142742822846854,0.8799931792835354,0.8730559058427911,0.8643004837765641,0.0312781817429337,0.9988839285714286,1.0,0.9994416527079844,895.0,0.9862892525431224,0.9632829373650108,0.9746503496503496,2315.0,0.6488999070343973,0.9844851904090268,0.7822189017556966,2127.0,0.951048951048951,0.8717948717948718,0.9096989966555185,156.0,0.9893858984078848,0.9984697781178272,0.993907083015994,2614.0,0.9834437086092715,0.2179016874541452,0.3567567567567568,1363.0,0.9387755102040816,1.0,0.968421052631579,46.0,0.8730559058427911,0.9281038794884482,0.8622763521629832,0.8550135418819826,9516.0,0.911696790781483,0.8730559058427911,0.8496625083029796,9516.0,0.8939890710382514,0.8834625887242666,9516,186,0.873160992013451,0.8572884139449787,0.8756830601092896,0.8604533640555677,0.8763135771332493,0.8600009219219487,0.8773644388398487,0.8616761999648803,206.93,233.7,13.304588317871094,4.385544300079346
0,0.8993584603047313,0.8283218187761322,0.1466544176170695,1.0,1.0,1.0,3129.0,0.7902353089216057,0.97138437741686,0.871495975575909,6465.0,0.8995242626070409,0.7384783627558194,0.8110844200411805,6401.0,0.8238341968911918,0.9636363636363636,0.888268156424581,165.0,0.998618402873722,0.9906798245614036,0.9946332737030412,3648.0,0.9897550111358576,0.860573199070488,0.9206546509218976,2582.0,0.9655172413793104,1.0,0.9824561403508772,56.0,0.8993584603047313,0.9239263462583898,0.9321074467772762,0.9240846595739268,22446.0,0.9081455518830196,0.8993584603047313,0.898249449149095,22446.0,0.8977412456562416,0.9166911929228676,22446,0,0.8990020493629154,0.9203346316403912,0.8912946627461463,0.9118302414246772,0.8934776797647688,0.9174175851771544,0.8445157266328076,0.8908296799437349,0.94420514875288,0.9457056417419152,0.0156923168045394,1.0,0.9988452655889144,0.9994222992489892,866.0,0.9452474813841436,0.9646848457755924,0.954867256637168,4474.0,0.8994826311899483,0.9055059523809524,0.9024842417500928,2688.0,0.8206896551724138,0.9916666666666668,0.8981132075471698,120.0,0.9965437788018432,0.9730033745781778,0.9846328969834944,889.0,0.9934383202099738,0.8641552511415526,0.9242979242979243,876.0,0.9859154929577464,1.0,0.9929078014184396,70.0,0.94420514875288,0.9487596228165812,0.9568373365902652,0.9509608039833256,9983.0,0.9452592182047228,0.94420514875288,0.944180528626347,9983.0,0.9377541821095864,0.941715008734232,9983,210,0.9445056596213564,0.9493780192415906,0.9407993589101472,0.9476674545325744,0.9393969748572574,0.9463657203530011,0.9388961234097968,0.9438138577568432,0.94748949789958,0.9379221046478432,0.0109815112170409,0.995880535530381,0.9989669421487604,0.997421351211965,968.0,0.9288186932064042,0.9821551132463968,0.9547425775603248,4371.0,0.9162861491628614,0.8435310602522186,0.8784046692607004,2141.0,0.9,0.9863013698630136,0.9411764705882352,146.0,0.9988165680473372,0.9911920140927776,0.994989684644857,1703.0,0.9889908256880734,0.8569157392686805,0.918228279386712,629.0,0.9230769230769232,0.9,0.9113924050632912,40.0,0.94748949789958,0.9502670992445686,0.9370088912674068,0.9423364911022978,9998.0,0.9478926218665512,0.94748949789958,0.946714198136564,9998.0,0.9418383676735348,0.934308777409427,9998,179,0.947989597919584,0.9430241484074674,0.9421884376875376,0.936960842414882,0.9398879775955192,0.9369019473118906,0.940488097619524,0.9385760538276235,0.9653896168850656,0.9592893443923792,0.0051589920179636,1.0,1.0,1.0,764.0,0.9544707815066886,0.988095238095238,0.9709920019099916,4116.0,0.9232472324723248,0.8586135895676047,0.8897581792318634,1457.0,0.825,0.9880239520958084,0.8991825613079019,167.0,0.999160016799664,0.9859096560298384,0.9924906132665832,2413.0,0.9889558232931728,0.9471153846153846,0.9675834970530452,1040.0,1.0,1.0,1.0,40.0,0.9653896168850656,0.95583340772455,0.966822545771982,0.960000978967055,9997.0,0.965793251090947,0.9653896168850656,0.9651206283373216,9997.0,0.9645093528058416,0.9572729645362272,9997,132,0.9649894968490548,0.95644092281546,0.9624887466239872,0.9581282874516456,0.962888866659998,0.9584647645158988,0.961188356506952,0.9553388830657432,0.9616435477091216,0.9564213862882914,0.0135056877386867,0.9988839285714286,1.0,0.9994416527079844,895.0,0.965195246179966,0.9822894168466524,0.9736673089274244,2315.0,0.8932633420822397,0.9600376116596144,0.9254475413550872,2127.0,0.9245283018867924,0.9423076923076924,0.9333333333333332,156.0,0.992756385817766,0.9961744452945676,0.9944624785182355,2614.0,0.995644599303136,0.8385913426265591,0.910394265232975,1363.0,0.9583333333333334,1.0,0.9787234042553192,46.0,0.9616435477091216,0.961229305310666,0.9599143583907264,0.9593528549043372,9516.0,0.9635180505876904,0.9616435477091216,0.9613262503948994,9516.0,0.9582387557797392,0.9556713628525408,9516,117,0.9616435477091216,0.9606914747798774,0.957019756200084,0.9582468281967093,0.9560739806641446,0.9547455951145628,0.9542875157629256,0.9557961459465276,213.06,234.16,7.849998474121094,4.201644420623779
0,0.8360509667646797,0.7397645500931473,0.1052142758622338,0.999680204669012,0.9990412272291468,0.9993606138107416,3129.0,0.8449390885847495,0.8689868522815158,0.8567942656702761,6465.0,0.6744011037250721,0.8400249960943602,0.7481563934882427,6401.0,0.8055555555555556,0.8787878787878788,0.8405797101449275,165.0,0.9991703539823008,0.990405701754386,0.9947687224669604,3648.0,0.9881093935790726,0.3218435321456235,0.4855390008764242,2582.0,0.9333333333333332,1.0,0.9655172413793104,56.0,0.8360509667646797,0.8921698619184423,0.8427271697561302,0.8415308496909834,22446.0,0.8593436368143929,0.8360509667646797,0.8255576040454399,22446.0,0.845161721464849,0.8542042572826987,22446,0,0.8356054530874097,0.8398717220033215,0.8384567406219371,0.8412258626830326,0.8372984050610354,0.8421297271905838,0.8442038670587187,0.8571036789095415,0.878293098267054,0.8798419798703758,0.0106868257035681,1.0,0.9988452655889144,0.9994222992489892,866.0,0.984418901660281,0.8614215467143496,0.9188222672547384,4474.0,0.7016840417000801,0.9765625,0.8166122258516099,2688.0,0.7777777777777778,0.9916666666666668,0.8717948717948718,120.0,0.9988317757009346,0.9617547806524184,0.9799426934097422,889.0,0.9947643979057592,0.4337899543378995,0.604133545310016,876.0,0.9859154929577464,1.0,0.9929078014184396,70.0,0.878293098267054,0.920484626814654,0.8891486734228927,0.8833765291840582,9983.0,0.909359846651494,0.878293098267054,0.8760766471785997,9983.0,0.8935490333567063,0.902017717537424,9983,556,0.878994290293499,0.8836485946523619,0.8820995692677552,0.8849147387082673,0.8830011018731844,0.8854687057041023,0.8806971852148653,0.8847761556207566,0.9020804160832168,0.8718949504778952,0.0238072466800459,0.9989669421487604,0.9989669421487604,0.9989669421487604,968.0,0.9848904558045832,0.8947609242736216,0.9376648285782786,4371.0,0.6998654104979811,0.9715086408220458,0.8136123606493253,2141.0,0.8674698795180723,0.9863013698630136,0.9230769230769232,146.0,0.9988116458704694,0.987081620669407,0.9929119905493208,1703.0,0.9949494949494948,0.3131955484896661,0.4764207980652962,629.0,0.975,0.975,0.975,40.0,0.9020804160832168,0.9314219755413374,0.8752592923237879,0.8739505490097007,9998.0,0.92646710280539,0.9020804160832168,0.8973638790281713,9998.0,0.9024304860972194,0.8869429152170397,9998,411,0.901980396079216,0.8736808733624862,0.903880776155231,0.8739436464707099,0.9047809561912382,0.8774605931718703,0.903980796159232,0.8751234115793965,0.8968690607182155,0.8559057693510329,0.0197903808584884,1.0,1.0,1.0,764.0,0.9888239776479552,0.945821185617104,0.9668446541661492,4116.0,0.5998300764655905,0.969114619080302,0.7410128575177118,1457.0,0.7971014492753623,0.9880239520958084,0.8823529411764706,167.0,0.999157184997893,0.9825942809780356,0.9908065190137902,2413.0,0.9968944099378882,0.3086538461538461,0.4713656387665198,1040.0,1.0,1.0,1.0,40.0,0.8968690607182155,0.9116867283320984,0.8848868405607281,0.8646260872343775,9997.0,0.9331603810316752,0.8968690607182155,0.8894245939606985,9997.0,0.907962388716615,0.886491403534093,9997,308,0.8958687606281884,0.8633582160715664,0.8972691807542262,0.8658963201822958,0.8993698109432829,0.870546609114841,0.8964689406822046,0.8673879533643579,0.8455233291298865,0.8367630243603816,0.0194159805037971,0.9988839285714286,1.0,0.9994416527079844,895.0,0.9961685823754788,0.8984881209503239,0.9448103565750624,2315.0,0.5968970380818054,0.9948283968030088,0.7461212976022567,2127.0,0.91875,0.9423076923076924,0.930379746835443,156.0,0.994263862332696,0.9946442234123948,0.9944540065021992,2614.0,0.9818181818181818,0.1188554658840792,0.2120418848167539,1363.0,0.9787234042553192,1.0,0.989247311827957,46.0,0.8455233291298865,0.92364357106213,0.849874842765357,0.8309280366953795,9516.0,0.9032473285857772,0.8455233291298865,0.8141967983918994,9516.0,0.8520807061790668,0.8435819233709484,9516,183,0.8434216057166877,0.8286854065427025,0.8457335014712064,0.8300206221632501,0.848255569567045,0.8348726704283542,0.8506725514922236,0.8362888476356722,207.03,233.94,11.744384765625,4.391587734222412
0,0.7962220440167513,0.7362206037339111,0.043313670015232,0.99968,0.9984020453819112,0.9990406140070356,3129.0,0.8228330922004472,0.9676720804331012,0.8893943702018766,6465.0,0.6322662173546757,0.7034838306514607,0.6659764845078755,6401.0,0.8848484848484849,0.8848484848484849,0.8848484848484849,165.0,0.998074807480748,0.9947916666666666,0.9964305326743548,3648.0,0.2163265306122449,0.0615801704105344,0.0958697618329816,2582.0,0.9166666666666666,0.9821428571428572,0.9482758620689656,56.0,0.7962220440167513,0.7815279713090383,0.7989887336478595,0.7828337300202249,22446.0,0.7525445982102419,0.7962220440167513,0.767195309562627,22446.0,0.7960928450503431,0.7793947567209207,22446,0,0.7966675576940212,0.7860675296120129,0.7959101844426624,0.7822893138489488,0.7978258932549229,0.7826909119929185,0.7654816002851288,0.7686785984125782,0.8787939497145146,0.8304828100257635,0.0150582246368324,1.0,0.9988452655889144,0.9994222992489892,866.0,0.9630459126539752,0.9611086276262852,0.9620762948875712,4474.0,0.7146138386448464,0.925967261904762,0.80667638956409,2688.0,0.9153846153846154,0.9916666666666668,0.952,120.0,0.9977272727272728,0.9876265466816648,0.9926512153759186,889.0,0.5842696629213483,0.0593607305936073,0.1077720207253886,876.0,0.9859154929577464,1.0,0.9929078014184396,70.0,0.8787939497145146,0.8801366850414006,0.8463678712945573,0.8305008601743424,9983.0,0.8687978984291371,0.8787939497145146,0.8513266509414823,9983.0,0.8689772613442852,0.8257289261776058,9983,238,0.8792948011619753,0.8298803731148813,0.8769908845036563,0.82867511250579,0.8769908845036563,0.8287987862688004,0.8754883301612741,0.8298856628505716,0.906381276255251,0.827784352809605,0.0106311969437916,0.997936016511868,0.9989669421487604,0.998451213216314,968.0,0.9576767221972085,0.9732326698695952,0.9653920344944968,4371.0,0.7320683111954459,0.9009808500700608,0.8077889447236181,2141.0,0.9463087248322148,0.9657534246575342,0.9559322033898304,146.0,0.9970605526161082,0.9958896065766296,0.9964747356051704,1703.0,0.5873015873015873,0.0588235294117647,0.1069364161849711,629.0,0.9743589743589745,0.95,0.9620253164556962,40.0,0.906381276255251,0.8846729841447724,0.8348067175334778,0.8275715520100138,9998.0,0.8965700663427414,0.906381276255251,0.8859784039499099,9998.0,0.9033706741348267,0.8219534708180923,9998,171,0.9067813562712542,0.8285495718620212,0.9052810562112422,0.8285255668206,0.9045809161832368,0.8269408584431704,0.9026805361072214,0.8263812075018441,0.8789636891067321,0.8125779709025944,0.0129541836182096,1.0,1.0,1.0,764.0,0.9733237202595528,0.9839650145772596,0.978615440376948,4116.0,0.5564516129032258,0.8997940974605353,0.6876475216365067,1457.0,0.9261363636363636,0.9760479041916168,0.9504373177842566,167.0,0.9983361064891848,0.9946125155408204,0.9964708324683412,2413.0,0.6145833333333334,0.0567307692307692,0.1038732394366197,1040.0,1.0,1.0,1.0,40.0,0.8789636891067321,0.8669758766602371,0.844450043000143,0.8167206216718104,9997.0,0.8826414821387079,0.8789636891067321,0.8507671212809913,9997.0,0.8758627588276482,0.8128537052544246,9997,141,0.8785635690707212,0.8180766645029927,0.8780634190257077,0.8173474442970595,0.876963088926678,0.8159308683130301,0.8768630589176754,0.8164559566157091,0.8277637662883565,0.8089162513841335,0.0169792046097665,0.9988839285714286,1.0,0.9994416527079844,895.0,0.9745360379801468,0.975377969762419,0.9749568221070812,2315.0,0.583203732503888,0.8815232722143864,0.7019842755522276,2127.0,0.978102189781022,0.8589743589743589,0.9146757679180888,156.0,0.9890193108670958,0.9992348890589136,0.9941008563273074,2614.0,0.2167300380228136,0.0418195157740278,0.070110701107011,1363.0,0.9787234042553192,1.0,0.989247311827957,46.0,0.8277637662883565,0.8170283774259591,0.8224185722548724,0.8063596267925225,9516.0,0.784870861881516,0.8277637662883565,0.7909816305841606,9516.0,0.830538041193779,0.8093739122953055,9516,185,0.8281841109709962,0.8071433357938175,0.8280790248003362,0.8071435730408612,0.8270281630937368,0.8062703564660386,0.8262925598991173,0.8072715731426925,212.79,234.5,12.206558227539062,4.391587734222412
0,0.8981555733761026,0.8017062735932101,0.1169448190513127,0.9993608181527645,0.9993608181527645,0.9993608181527645,3129.0,0.8408874370491357,0.9556071152358856,0.8945844193454967,6465.0,0.8323219418716065,0.8142477737853461,0.8231856590065545,6401.0,0.8333333333333334,0.9393939393939394,0.8831908831908832,165.0,0.9977943203749656,0.9920504385964912,0.994914089347079,3648.0,0.9869352204681546,0.7021688613477924,0.8205476352115864,2582.0,0.9655172413793104,1.0,0.9824561403508772,56.0,0.8981555733761026,0.9223071875184672,0.9146898495017456,0.9140342349436058,22446.0,0.9030927299267892,0.8981555733761026,0.8967541791860555,22446.0,0.8976387775104696,0.9113594318828095,22446,0,0.8987347411565535,0.912882758686291,0.8951260803706674,0.9082237536137048,0.8952597344738483,0.9107763074191656,0.8762363004544239,0.9000261220937846,0.9511168987278372,0.946130269141021,0.0073567345756056,0.9942528735632185,0.9988452655889144,0.9965437788018432,866.0,0.9764032073310424,0.9526151095216808,0.9643624844439416,4474.0,0.8853021978021978,0.9590773809523808,0.9207142857142856,2688.0,0.7727272727272727,0.9916666666666668,0.8686131386861314,120.0,0.9976635514018692,0.9606299212598424,0.9787965616045844,889.0,0.9894039735099338,0.8527397260273972,0.9160024524831392,876.0,0.9859154929577464,1.0,0.9929078014184396,70.0,0.9511168987278372,0.94309550989904,0.959367724288126,0.948277214736052,9983.0,0.9540744646922183,0.9511168987278372,0.9514925455502278,9983.0,0.9476009215666632,0.946546341376223,9983,233,0.9512170690173296,0.947410980419206,0.9506160472803766,0.9473962040868448,0.9485124712010418,0.9441807090671084,0.947210257437644,0.9424702633044516,0.9641928385677137,0.9482717116534118,0.0090819198650612,0.9938335046248716,0.9989669421487604,0.996393611540443,968.0,0.9777829206202268,0.9665980324868452,0.9721583064887253,4371.0,0.9066251667407736,0.952358710882765,0.9289293849658314,2141.0,0.7955801104972375,0.9863013698630136,0.8807339449541285,146.0,0.9988016776512882,0.978860833822666,0.9887307236061684,1703.0,0.9894179894179894,0.8918918918918919,0.9381270903010034,629.0,0.9736842105263158,0.925,0.9487179487179488,40.0,0.9641928385677137,0.9479607971541004,0.957139683013706,0.9505415729391784,9998.0,0.9657341165670728,0.9641928385677137,0.964500602406268,9998.0,0.9609121824364872,0.9499167515030936,9998,176,0.9648929785957192,0.9512173980306906,0.9625925185037008,0.9503393262474074,0.95999199839968,0.9462804891978588,0.9603920784156832,0.9489502877815796,0.9716915074522356,0.957883732477115,0.0052348501101614,0.9960886571056062,1.0,0.9980404964075767,764.0,0.9867027825658704,0.9735179786200194,0.9800660388895684,4116.0,0.8933588761174968,0.9601921757035004,0.9255706252067484,1457.0,0.7568807339449541,0.9880239520958084,0.8571428571428571,167.0,0.9991536182818452,0.9784500621632822,0.9886934673366834,2413.0,0.9959266802443992,0.9403846153846154,0.9673590504451038,1040.0,1.0,1.0,1.0,40.0,0.9716915074522356,0.9468730497514533,0.977224111995318,0.959553219346934,9997.0,0.9739946764539436,0.9716915074522356,0.9722841615024777,9997.0,0.9712913874162248,0.9612722803886526,9997,139,0.9719915974792438,0.9596869067566428,0.9717915374612384,0.9605723192075332,0.9695908772631788,0.9582298079528848,0.9695908772631788,0.9589120418583966,0.9408364859184531,0.9426049147960252,0.0136858106600061,0.9977703455964324,1.0,0.9988839285714286,895.0,0.9619006849315068,0.9706263498920088,0.9662438185336488,2315.0,0.826797385620915,0.9515749882463564,0.884808743169399,2127.0,0.930379746835443,0.9423076923076924,0.9363057324840764,156.0,0.9935089728904162,0.9954093343534812,0.9944582457481368,2614.0,0.9802371541501976,0.7278063096111519,0.8353684210526315,1363.0,1.0,1.0,1.0,46.0,0.9408364859184531,0.9557991842892728,0.941103524915813,0.9451526985084744,9516.0,0.9460527029097864,0.9408364859184531,0.9397886148850376,9516.0,0.937620849096259,0.9414754547712958,9516,222,0.942833123160992,0.9458814443096664,0.944724674232871,0.948796683755592,0.9354770912147962,0.9409627013759968,0.9341109709962168,0.9383628708830368,209.13,234.68,12.568042755126951,4.391587734222412
mean,0.8447162077875792,0.7518779722023018,0.0771762638928459,0.999840143189816,0.9970917225950784,0.9984562014239202,3129.0,0.8321869047179422,0.942938901778809,0.883417721986202,6465.0,0.7190990430376936,0.7903140134354006,0.7498080630628383,6401.0,0.7968245862351975,0.9,0.8415576827932247,165.0,0.9985661512447297,0.988843201754386,0.993662823542639,3648.0,0.7978506277662404,0.3385360185902401,0.43448457349003916,2582.0,0.8773797572798845,0.9964285714285716,0.9257601252281823,56.0,0.8447162077875792,0.8602496019245006,0.8505932042260694,0.832449598789578,22446.0,0.8462518972331994,0.8447162077875792,0.827426141507171,22446.0,0.8461097745700792,0.8352018470240059,22446.0,0.0,0.8448587721643055,0.8321796867244948,0.8423416198877305,0.8302042241666461,0.8428495054798182,0.831803621895183,0.8271139623986457,0.8285884225549154,0.8996193528999299,0.8698753353102427,0.01081505646270797,0.999079133407716,0.9979214780600459,0.9984968290274333,866.0,0.9709204308822061,0.937080911935628,0.9532448695459582,4474.0,0.7637949642815403,0.9480654761904763,0.8433898884100322,2688.0,0.8061432660192093,0.9891666666666667,0.8846070488119331,120.0,0.9981451178266448,0.9650168728908886,0.9811136496850317,889.0,0.916821352316702,0.37602739726027395,0.4650338743574284,876.0,0.9634855854645605,0.9971428571428571,0.9794877831482175,70.0,0.8996193528999299,0.916912835742654,0.8872030943066911,0.8721962775694335,9983.0,0.913237413459781,0.8996193528999299,0.8865916577699539,9983.0,0.8997976560152259,0.8747583014769941,9983.0,289.7,0.9002704597816289,0.872150324147464,0.8983872583391767,0.870969930772971,0.8987378543523992,0.8720768911041559,0.8971351297205251,0.8701896688888912,0.9210442088417684,0.8679045993378274,0.014037940225853529,0.9977337566826476,0.996797520661157,0.997254372889999,968.0,0.9713745647873022,0.9485243651338366,0.9593428580226286,4371.0,0.7748663105887799,0.9381597384399812,0.8446094042866668,2141.0,0.8607406136774486,0.9808219178082191,0.9135320134828285,146.0,0.998458727986864,0.9850851438637698,0.9916753659363655,1703.0,0.810580610749145,0.36597774244833065,0.4437297739473,629.0,0.924388003911915,0.9525,0.9345451432435284,40.0,0.9210442088417684,0.905448941197729,0.8811237754793279,0.8692412759727596,9998.0,0.9245396417084322,0.9210442088417684,0.9107446745001898,9998.0,0.9200590118023605,0.8727471533615818,9998.0,226.2,0.921504300860172,0.8700558572936657,0.9199339867973595,0.8681385661835952,0.919253850770154,0.8690850722089634,0.9189137827565513,0.8690305996324345,0.9079223767130138,0.8594032305810723,0.01198222801304489,0.9994757099182836,0.9981675392670157,0.9988139506308567,764.0,0.9819784327420944,0.9672740524781341,0.9744043300706237,4116.0,0.6665370980034768,0.9426218256691833,0.7709975945252473,1457.0,0.7940468448334858,0.9826347305389221,0.8703579953055955,167.0,0.998784717703676,0.9785329465395772,0.9884151412041706,2413.0,0.935856330487516,0.37875,0.456468294644917,1040.0,0.960523938572719,1.0,0.9779894621363123,40.0,0.9079223767130138,0.9053147246087502,0.8925687277846904,0.8624923955025319,9997.0,0.9333752237162332,0.9079223767130138,0.8944010905205373,9997.0,0.911261378413524,0.8695393566549731,9997.0,193.5,0.9080224067220166,0.8623806909280578,0.907442232669801,0.8632024657111026,0.9075122536761029,0.8639962183357348,0.9064619385815746,0.8626423278936505,0.8703236654056326,0.8537892888625344,0.01707164057514041,0.9988841774167861,0.9995530726256984,0.9992177508577968,895.0,0.979691323959417,0.9566738660907127,0.9676856979812012,2315.0,0.6635303174641625,0.9612599905970851,0.7806051769436572,2127.0,0.8971840378897282,0.9192307692307692,0.900617787650653,156.0,0.9929510848505979,0.9917368018362662,0.9922811368548967,2614.0,0.7725531256225272,0.2541452677916361,0.3291732108184517,1363.0,0.9712002460558692,0.9978260869565216,0.9841633704198726,46.0,0.8703236654056326,0.8965706161798698,0.8686322650183842,0.8505348759323613,9516.0,0.8834085441627451,0.8703236654056326,0.843116157755405,9516.0,0.872040773434216,0.8538571717743553,9516.0,163.1,0.8703972257250946,0.8507164510672748,0.8695880622110129,0.8506844783813088,0.8680958385876419,0.8489089522947854,0.8681904161412358,0.8496827481910255,209.58800000000002,233.90299999999996,11.484138870239258,4.349710369110108
std,0.03913605565539317,0.0524988187603459,0.038770524462440004,0.00022603314614198154,0.005802626758743592,0.002900483092420774,0.0,0.026090034450647566,0.033663887422090075,0.015150737844397967,0.0,0.09297283292592627,0.051939718579390386,0.05510830550800157,0.0,0.10209429752468453,0.03395502285650831,0.0641098782463453,0.0,0.0008760743628972262,0.008191182116754426,0.00385386039510657,0.0,0.2762740461699197,0.2945579775858647,0.3269046548841598,0.0,0.14895266341832172,0.007529232524210399,0.10110598568578613,0.0,0.03913605565539317,0.0491252047152515,0.0487954947533198,0.06295152970501158,0.0,0.053787920285238926,0.03913605565539317,0.05302901010511624,0.0,0.03957161262977296,0.06067414319105552,0.0,0.0,0.03924767343237643,0.06176560490192097,0.03778658629339327,0.058811112553849985,0.03785865145499818,0.06066304965788801,0.041748496937469334,0.060935844982471045,0.03362535074800852,0.05930350020062312,0.004091413568228967,0.0018620260973993693,0.0029212726652825616,0.0015974700094154174,0.0,0.01184068939708597,0.034425977615212426,0.015317195749072714,0.0,0.08340944381038508,0.02210835806145424,0.04728805066747008,0.0,0.10642842826720622,0.0056245713142546875,0.07030478515788285,0.0,0.0007929559067874959,0.027565813648547394,0.014509493597550443,0.0,0.1631730438712392,0.33641629768302195,0.35978641550551044,0.0,0.04447292053360503,0.009035079029052515,0.02353979743578361,0.0,0.03362535074800852,0.028564743194380793,0.04953827709552317,0.05964911821740164,0.0,0.02958804469773569,0.03362535074800852,0.0444859776697948,0.0,0.03286223537136619,0.057832909888876634,0.0,128.14752782979812,0.033737093094205965,0.05930062310402157,0.033506964330642514,0.05930671809895997,0.031805480484062565,0.05662746779191955,0.032545169645649026,0.05669642415544644,0.026967803607962502,0.061986896852515835,0.007841970703590082,0.0020449456425485914,0.0058123212850886685,0.0026407078087929154,0.0,0.017655806977424245,0.02994473056026287,0.011287338237179595,0.0,0.09317709619967708,0.039768604818474856,0.04708344639355191,0.0,0.10072364368283272,0.00901754230964907,0.06044782494704447,0.0,0.0009228361707955181,0.014445043843568706,0.007230765803619982,0.0,0.3326333725061423,0.36157779327267153,0.3804554443047496,0.0,0.09344605643199935,0.03809709816887485,0.04859843176175506,0.0,0.026967803607962502,0.06535921996238907,0.051987537120720344,0.06297059543500991,0.0,0.032206288820331413,0.026967803607962502,0.035342602042212644,0.0,0.026310650361383425,0.06086038347537345,0.0,93.42471716723458,0.0271301502990117,0.06257050762595406,0.025522908823770646,0.061572990282891094,0.024612872961047066,0.06041550733823983,0.02557914997054813,0.061911131253404306,0.041984338441676476,0.07264077578380199,0.007802108584860222,0.0012615179939419502,0.005794749639052019,0.0031234263274836365,0.0,0.011127720261430841,0.01743564775607132,0.006184873488607928,0.0,0.1517578014323509,0.03647770168574334,0.09213387390654813,0.0,0.14334861350399813,0.01583024355999864,0.09835252956938856,0.0,0.0010909857715573894,0.02377367684776012,0.012225183833181117,0.0,0.13367944085142683,0.3747655551384248,0.3768867977921126,0.0,0.08470362202902372,0.0,0.048247013068042015,0.0,0.041984338441676476,0.03835280999595217,0.054391344244474935,0.07238296903758992,0.0,0.028409814950702307,0.041984338441676476,0.05382015723063102,0.0,0.041103722970227484,0.07093026890223209,0.0,72.90671360642234,0.041908800261296154,0.07215405482983121,0.04143636521490701,0.07198006985126675,0.03983562315557878,0.07021529630384692,0.04007676091862276,0.07001845400410017,0.048494709165765364,0.060900218461569317,0.006349400773840396,0.0005255348446672271,0.0014133084514719,0.0005412420458924914,0.0,0.017359442754085144,0.025251860535123412,0.010013098542877562,0.0,0.11162827742337925,0.03918019116833185,0.0752626050207417,0.0,0.1260649558702021,0.04741471768642793,0.06871379427057638,0.0,0.003115923557614139,0.014135814318964135,0.006244768987981398,0.0,0.35205395703683295,0.30487856857185763,0.3355447994548646,0.0,0.031624647728186656,0.006874516652539951,0.019179463236896538,0.0,0.048494709165765364,0.05532491183959312,0.04917617468292468,0.06259525019954104,0.0,0.06696386137377226,0.048494709165765364,0.06588144524170916,0.0,0.04668648648990606,0.060279913077943836,0.0,56.2957468296772,0.048931680227306644,0.06281251837954474,0.04900519677028499,0.06323541780325342,0.046433629889395804,0.059764112534988915,0.045959742392456426,0.06012684397663362,3.091708625052206,0.4722299345775454,2.009890842885336,0.0780344568371439
mean +- std,0.8447 +- 0.0391,0.7519 +- 0.0525,0.0772 +- 0.0388,0.9998 +- 0.0002,0.9971 +- 0.0058,0.9985 +- 0.0029,3129.0 +- 0.0,0.8322 +- 0.0261,0.9429 +- 0.0337,0.8834 +- 0.0152,6465.0 +- 0.0,0.7191 +- 0.093,0.7903 +- 0.0519,0.7498 +- 0.0551,6401.0 +- 0.0,0.7968 +- 0.1021,0.9 +- 0.034,0.8416 +- 0.0641,165.0 +- 0.0,0.9986 +- 0.0009,0.9888 +- 0.0082,0.9937 +- 0.0039,3648.0 +- 0.0,0.7979 +- 0.2763,0.3385 +- 0.2946,0.4345 +- 0.3269,2582.0 +- 0.0,0.8774 +- 0.149,0.9964 +- 0.0075,0.9258 +- 0.1011,56.0 +- 0.0,0.8447 +- 0.0391,0.8602 +- 0.0491,0.8506 +- 0.0488,0.8324 +- 0.063,22446.0 +- 0.0,0.8463 +- 0.0538,0.8447 +- 0.0391,0.8274 +- 0.053,22446.0 +- 0.0,0.8461 +- 0.0396,0.8352 +- 0.0607,22446.0 +- 0.0,0.0 +- 0.0,0.8449 +- 0.0392,0.8322 +- 0.0618,0.8423 +- 0.0378,0.8302 +- 0.0588,0.8428 +- 0.0379,0.8318 +- 0.0607,0.8271 +- 0.0417,0.8286 +- 0.0609,0.8996 +- 0.0336,0.8699 +- 0.0593,0.0108 +- 0.0041,0.9991 +- 0.0019,0.9979 +- 0.0029,0.9985 +- 0.0016,866.0 +- 0.0,0.9709 +- 0.0118,0.9371 +- 0.0344,0.9532 +- 0.0153,4474.0 +- 0.0,0.7638 +- 0.0834,0.9481 +- 0.0221,0.8434 +- 0.0473,2688.0 +- 0.0,0.8061 +- 0.1064,0.9892 +- 0.0056,0.8846 +- 0.0703,120.0 +- 0.0,0.9981 +- 0.0008,0.965 +- 0.0276,0.9811 +- 0.0145,889.0 +- 0.0,0.9168 +- 0.1632,0.376 +- 0.3364,0.465 +- 0.3598,876.0 +- 0.0,0.9635 +- 0.0445,0.9971 +- 0.009,0.9795 +- 0.0235,70.0 +- 0.0,0.8996 +- 0.0336,0.9169 +- 0.0286,0.8872 +- 0.0495,0.8722 +- 0.0596,9983.0 +- 0.0,0.9132 +- 0.0296,0.8996 +- 0.0336,0.8866 +- 0.0445,9983.0 +- 0.0,0.8998 +- 0.0329,0.8748 +- 0.0578,9983.0 +- 0.0,289.7 +- 128.1475,0.9003 +- 0.0337,0.8722 +- 0.0593,0.8984 +- 0.0335,0.871 +- 0.0593,0.8987 +- 0.0318,0.8721 +- 0.0566,0.8971 +- 0.0325,0.8702 +- 0.0567,0.921 +- 0.027,0.8679 +- 0.062,0.014 +- 0.0078,0.9977 +- 0.002,0.9968 +- 0.0058,0.9973 +- 0.0026,968.0 +- 0.0,0.9714 +- 0.0177,0.9485 +- 0.0299,0.9593 +- 0.0113,4371.0 +- 0.0,0.7749 +- 0.0932,0.9382 +- 0.0398,0.8446 +- 0.0471,2141.0 +- 0.0,0.8607 +- 0.1007,0.9808 +- 0.009,0.9135 +- 0.0604,146.0 +- 0.0,0.9985 +- 0.0009,0.9851 +- 0.0144,0.9917 +- 0.0072,1703.0 +- 0.0,0.8106 +- 0.3326,0.366 +- 0.3616,0.4437 +- 0.3805,629.0 +- 0.0,0.9244 +- 0.0934,0.9525 +- 0.0381,0.9345 +- 0.0486,40.0 +- 0.0,0.921 +- 0.027,0.9054 +- 0.0654,0.8811 +- 0.052,0.8692 +- 0.063,9998.0 +- 0.0,0.9245 +- 0.0322,0.921 +- 0.027,0.9107 +- 0.0353,9998.0 +- 0.0,0.9201 +- 0.0263,0.8727 +- 0.0609,9998.0 +- 0.0,226.2 +- 93.4247,0.9215 +- 0.0271,0.8701 +- 0.0626,0.9199 +- 0.0255,0.8681 +- 0.0616,0.9193 +- 0.0246,0.8691 +- 0.0604,0.9189 +- 0.0256,0.869 +- 0.0619,0.9079 +- 0.042,0.8594 +- 0.0726,0.012 +- 0.0078,0.9995 +- 0.0013,0.9982 +- 0.0058,0.9988 +- 0.0031,764.0 +- 0.0,0.982 +- 0.0111,0.9673 +- 0.0174,0.9744 +- 0.0062,4116.0 +- 0.0,0.6665 +- 0.1518,0.9426 +- 0.0365,0.771 +- 0.0921,1457.0 +- 0.0,0.794 +- 0.1433,0.9826 +- 0.0158,0.8704 +- 0.0984,167.0 +- 0.0,0.9988 +- 0.0011,0.9785 +- 0.0238,0.9884 +- 0.0122,2413.0 +- 0.0,0.9359 +- 0.1337,0.3787 +- 0.3748,0.4565 +- 0.3769,1040.0 +- 0.0,0.9605 +- 0.0847,1.0 +- 0.0,0.978 +- 0.0482,40.0 +- 0.0,0.9079 +- 0.042,0.9053 +- 0.0384,0.8926 +- 0.0544,0.8625 +- 0.0724,9997.0 +- 0.0,0.9334 +- 0.0284,0.9079 +- 0.042,0.8944 +- 0.0538,9997.0 +- 0.0,0.9113 +- 0.0411,0.8695 +- 0.0709,9997.0 +- 0.0,193.5 +- 72.9067,0.908 +- 0.0419,0.8624 +- 0.0722,0.9074 +- 0.0414,0.8632 +- 0.072,0.9075 +- 0.0398,0.864 +- 0.0702,0.9065 +- 0.0401,0.8626 +- 0.07,0.8703 +- 0.0485,0.8538 +- 0.0609,0.0171 +- 0.0063,0.9989 +- 0.0005,0.9996 +- 0.0014,0.9992 +- 0.0005,895.0 +- 0.0,0.9797 +- 0.0174,0.9567 +- 0.0253,0.9677 +- 0.01,2315.0 +- 0.0,0.6635 +- 0.1116,0.9613 +- 0.0392,0.7806 +- 0.0753,2127.0 +- 0.0,0.8972 +- 0.1261,0.9192 +- 0.0474,0.9006 +- 0.0687,156.0 +- 0.0,0.993 +- 0.0031,0.9917 +- 0.0141,0.9923 +- 0.0062,2614.0 +- 0.0,0.7726 +- 0.3521,0.2541 +- 0.3049,0.3292 +- 0.3355,1363.0 +- 0.0,0.9712 +- 0.0316,0.9978 +- 0.0069,0.9842 +- 0.0192,46.0 +- 0.0,0.8703 +- 0.0485,0.8966 +- 0.0553,0.8686 +- 0.0492,0.8505 +- 0.0626,9516.0 +- 0.0,0.8834 +- 0.067,0.8703 +- 0.0485,0.8431 +- 0.0659,9516.0 +- 0.0,0.872 +- 0.0467,0.8539 +- 0.0603,9516.0 +- 0.0,163.1 +- 56.2957,0.8704 +- 0.0489,0.8507 +- 0.0628,0.8696 +- 0.049,0.8507 +- 0.0632,0.8681 +- 0.0464,0.8489 +- 0.0598,0.8682 +- 0.046,0.8497 +- 0.0601,209.588 +- 3.0917,233.903 +- 0.4722,11.4841 +- 2.0099,4.3497 +- 0.078
