Distribution,In-Distribution,In-Distribution,In-Distribution,In-Distribution,In-Distribution,In-Distribution,In-Distribution,In-Distribution,In-Distribution,In-Distribution,In-Distribution,In-Distribution,In-Distribution,In-Distribution,In-Distribution,In-Distribution,In-Distribution,In-Distribution,In-Distribution,In-Distribution,In-Distribution,In-Distribution,In-Distribution,In-Distribution,In-Distribution,In-Distribution,In-Distribution,In-Distribution,In-Distribution,In-Distribution,In-Distribution,In-Distribution,In-Distribution,In-Distribution,In-Distribution,In-Distribution,In-Distribution,In-Distribution,In-Distribution,In-Distribution,In-Distribution,In-Distribution,In-Distribution,In-Distribution,In-Distribution,In-Distribution,In-Distribution,In-Distribution,In-Distribution,In-Distribution,In-Distribution,In-Distribution,In-Distribution,In-Distribution,In-Distribution,In-Distribution,In-Distribution,In-Distribution,In-Distribution,In-Distribution,In-Distribution,In-Distribution,In-Distribution,In-Distribution,In-Distribution,In-Distribution,In-Distribution,In-Distribution,In-Distribution,In-Distribution,In-Distribution,In-Distribution,In-Distribution,In-Distribution,In-Distribution,In-Distribution,In-Distribution,In-Distribution,In-Distribution,In-Distribution,In-Distribution,In-Distribution,In-Distribution,In-Distribution,In-Distribution,In-Distribution,In-Distribution,In-Distribution,In-Distribution,In-Distribution,In-Distribution,In-Distribution,Out-of-Distribution,Out-of-Distribution,Out-of-Distribution,Out-of-Distribution,Out-of-Distribution,Out-of-Distribution,Out-of-Distribution,Out-of-Distribution,Out-of-Distribution,Out-of-Distribution,Out-of-Distribution,Out-of-Distribution,Out-of-Distribution,Out-of-Distribution,Out-of-Distribution,Out-of-Distribution,Out-of-Distribution,Out-of-Distribution,Out-of-Distribution,Out-of-Distribution,Out-of-Distribution,Out-of-Distribution,Out-of-Distribution,Out-of-Distribution,Out-of-Distribution,Out-of-Distribution,Out-of-Distribution,Out-of-Distribution,Out-of-Distribution,Out-of-Distribution,Out-of-Distribution,Out-of-Distribution,Out-of-Distribution,Out-of-Distribution,Out-of-Distribution,Out-of-Distribution,Out-of-Distribution,Out-of-Distribution,Out-of-Distribution,Out-of-Distribution,Out-of-Distribution,Out-of-Distribution,Out-of-Distribution,Out-of-Distribution,Out-of-Distribution,Out-of-Distribution,Out-of-Distribution,Out-of-Distribution,Out-of-Distribution,Out-of-Distribution,Out-of-Distribution,Out-of-Distribution,Out-of-Distribution,Out-of-Distribution,Out-of-Distribution,Out-of-Distribution,Out-of-Distribution,Out-of-Distribution,Out-of-Distribution,Out-of-Distribution,Out-of-Distribution,Out-of-Distribution,Out-of-Distribution,Out-of-Distribution,Out-of-Distribution,Out-of-Distribution,Out-of-Distribution,Out-of-Distribution,Out-of-Distribution,Out-of-Distribution,Out-of-Distribution,Out-of-Distribution,Out-of-Distribution,Out-of-Distribution,Out-of-Distribution,Out-of-Distribution,Out-of-Distribution,Out-of-Distribution,Out-of-Distribution,Out-of-Distribution,Out-of-Distribution,Out-of-Distribution,Out-of-Distribution,Out-of-Distribution,Out-of-Distribution,Out-of-Distribution,Out-of-Distribution,Out-of-Distribution,Out-of-Distribution,Out-of-Distribution,Out-of-Distribution,Out-of-Distribution,All,All,All,All
Category,Baseline,Classification Report,Classification Report,Classification Report,Classification Report,Classification Report,Classification Report,Classification Report,Classification Report,Classification Report,Classification Report,Classification Report,Classification Report,Classification Report,Classification Report,Classification Report,Classification Report,Classification Report,Classification Report,Classification Report,Classification Report,Classification Report,Classification Report,Classification Report,Classification Report,Classification Report,Classification Report,Classification Report,Classification Report,Classification Report,Classification Report,Classification Report,Classification Report,Classification Report,Classification Report,Classification Report,Classification Report,Classification Report,Classification Report,Classification Report,Classification Report,Classification Report,Classification Report,Classification Report,Classification Report,Classification Report,Classification Report,Classification Report,Classification Report,Classification Report,Classification Report,Classification Report,Classification Report,Classification Report,Classification Report,Classification Report,Classification Report,Classification Report,Classification Report,Classification Report,Classification Report,Classification Report,Classification Report,Classification Report,Classification Report,Classification Report,Classification Report,Classification Report,Classification Report,Classification Report,Dropout,Dropout,Dropout,Dropout,Dropout,Dropout,Dropout,Dropout,Dropout,Dropout,Dropout,Dropout,Consistency,Consistency,Dropout,Dropout,Dropout,Dropout,Dropout,Dropout,Dropout,Dropout,Baseline,Classification Report,Classification Report,Classification Report,Classification Report,Classification Report,Classification Report,Classification Report,Classification Report,Classification Report,Classification Report,Classification Report,Classification Report,Classification Report,Classification Report,Classification Report,Classification Report,Classification Report,Classification Report,Classification Report,Classification Report,Classification Report,Classification Report,Classification Report,Classification Report,Classification Report,Classification Report,Classification Report,Classification Report,Classification Report,Classification Report,Classification Report,Classification Report,Classification Report,Classification Report,Classification Report,Classification Report,Classification Report,Classification Report,Classification Report,Classification Report,Classification Report,Classification Report,Classification Report,Classification Report,Classification Report,Classification Report,Classification Report,Classification Report,Classification Report,Classification Report,Classification Report,Classification Report,Classification Report,Classification Report,Classification Report,Classification Report,Classification Report,Classification Report,Classification Report,Classification Report,Classification Report,Classification Report,Classification Report,Classification Report,Classification Report,Classification Report,Classification Report,Classification Report,Classification Report,Dropout,Dropout,Dropout,Dropout,Dropout,Dropout,Dropout,Dropout,Dropout,Dropout,Dropout,Dropout,Consistency,Consistency,Dropout,Dropout,Dropout,Dropout,Dropout,Dropout,Dropout,Dropout,Technical_Metrics,Technical_Metrics,Technical_Metrics,Technical_Metrics
Sub-Category,Overall,CD14+ Monocyte,CD14+ Monocyte,CD14+ Monocyte,CD14+ Monocyte,CD16+ Monocyte,CD16+ Monocyte,CD16+ Monocyte,CD16+ Monocyte,CD1C+ dendritic cell,CD1C+ dendritic cell,CD1C+ dendritic cell,CD1C+ dendritic cell,CD4 Memory T cell,CD4 Memory T cell,CD4 Memory T cell,CD4 Memory T cell,CD4 Naive T cell,CD4 Naive T cell,CD4 Naive T cell,CD4 Naive T cell,CD8 Memory T cell,CD8 Memory T cell,CD8 Memory T cell,CD8 Memory T cell,CD8 Naive T cell,CD8 Naive T cell,CD8 Naive T cell,CD8 Naive T cell,Gamma-delta T cell,Gamma-delta T cell,Gamma-delta T cell,Gamma-delta T cell,MAIT,MAIT,MAIT,MAIT,Memory B cell,Memory B cell,Memory B cell,Memory B cell,NK cell,NK cell,NK cell,NK cell,Naive B cell,Naive B cell,Naive B cell,Naive B cell,Plasma cell,Plasma cell,Plasma cell,Plasma cell,Plasmacytoid dendritic cell,Plasmacytoid dendritic cell,Plasmacytoid dendritic cell,Plasmacytoid dendritic cell,T regulatory cell,T regulatory cell,T regulatory cell,T regulatory cell,Total_Accuracy,macro avg,macro avg,macro avg,macro avg,weighted avg,weighted avg,weighted avg,weighted avg,Random,Random,Random_10,Random_10,Random_50,Random_50,Random_90,Random_90,Random_925,Random_925,Random_95,Random_95,Num Samples,Inconsistent Predictions,FI_0.1%,FI_0.1%,FI_0.5%,FI_0.5%,FI_1.0%,FI_1.0%,FI_2.0%,FI_2.0%,Overall,CD14+ Monocyte,CD14+ Monocyte,CD14+ Monocyte,CD14+ Monocyte,CD16+ Monocyte,CD16+ Monocyte,CD16+ Monocyte,CD16+ Monocyte,CD1C+ dendritic cell,CD1C+ dendritic cell,CD1C+ dendritic cell,CD1C+ dendritic cell,CD4 Memory T cell,CD4 Memory T cell,CD4 Memory T cell,CD4 Memory T cell,CD4 Naive T cell,CD4 Naive T cell,CD4 Naive T cell,CD4 Naive T cell,CD8 Memory T cell,CD8 Memory T cell,CD8 Memory T cell,CD8 Memory T cell,CD8 Naive T cell,CD8 Naive T cell,CD8 Naive T cell,CD8 Naive T cell,Gamma-delta T cell,Gamma-delta T cell,Gamma-delta T cell,Gamma-delta T cell,MAIT,MAIT,MAIT,MAIT,Memory B cell,Memory B cell,Memory B cell,Memory B cell,NK cell,NK cell,NK cell,NK cell,Naive B cell,Naive B cell,Naive B cell,Naive B cell,Plasma cell,Plasma cell,Plasma cell,Plasma cell,Plasmacytoid dendritic cell,Plasmacytoid dendritic cell,Plasmacytoid dendritic cell,Plasmacytoid dendritic cell,T regulatory cell,T regulatory cell,T regulatory cell,T regulatory cell,Total_Accuracy,macro avg,macro avg,macro avg,macro avg,weighted avg,weighted avg,weighted avg,weighted avg,Random,Random,Random_10,Random_10,Random_50,Random_50,Random_90,Random_90,Random_925,Random_925,Random_95,Random_95,Num Samples,Inconsistent Predictions,FI_0.1%,FI_0.1%,FI_0.5%,FI_0.5%,FI_1.0%,FI_1.0%,FI_2.0%,FI_2.0%,Resource_Usage,Resource_Usage,Resource_Usage,Training_Convergence
Metric,Accuracy,precision,recall,f1-score,support,precision,recall,f1-score,support,precision,recall,f1-score,support,precision,recall,f1-score,support,precision,recall,f1-score,support,precision,recall,f1-score,support,precision,recall,f1-score,support,precision,recall,f1-score,support,precision,recall,f1-score,support,precision,recall,f1-score,support,precision,recall,f1-score,support,precision,recall,f1-score,support,precision,recall,f1-score,support,precision,recall,f1-score,support,precision,recall,f1-score,support,accuracy,precision,recall,f1-score,support,precision,recall,f1-score,support,Accuracy,Macro_F1,Accuracy,Macro_F1,Accuracy,Macro_F1,Accuracy,Macro_F1,Accuracy,Macro_F1,Accuracy,Macro_F1,Count,Count,Accuracy,Macro_F1,Accuracy,Macro_F1,Accuracy,Macro_F1,Accuracy,Macro_F1,Accuracy,precision,recall,f1-score,support,precision,recall,f1-score,support,precision,recall,f1-score,support,precision,recall,f1-score,support,precision,recall,f1-score,support,precision,recall,f1-score,support,precision,recall,f1-score,support,precision,recall,f1-score,support,precision,recall,f1-score,support,precision,recall,f1-score,support,precision,recall,f1-score,support,precision,recall,f1-score,support,precision,recall,f1-score,support,precision,recall,f1-score,support,precision,recall,f1-score,support,accuracy,precision,recall,f1-score,support,precision,recall,f1-score,support,Accuracy,Macro_F1,Accuracy,Macro_F1,Accuracy,Macro_F1,Accuracy,Macro_F1,Accuracy,Macro_F1,Accuracy,Macro_F1,Count,Count,Accuracy,Macro_F1,Accuracy,Macro_F1,Accuracy,Macro_F1,Accuracy,Macro_F1,Total_Pipeline_Time_Min,Avg_Time_per_Iteration_Sec,Peak_RAM_GB,Autoencoder_Epochs
0,0.5388046387154326,0.999291031549096,0.8156828703703703,0.8981997769635176,3456.0,0.7078189300411523,0.8911917098445595,0.7889908256880734,193.0,0.1384615384615384,1.0,0.2432432432432432,108.0,0.4757192174913694,0.7157202216066482,0.5715470759021153,2888.0,1.0,0.0020354754289037,0.004062681369704,3439.0,0.0836466165413533,0.6528117359413202,0.1482921410719244,818.0,0.992685475444096,0.4640937957987298,0.6324900133155792,2047.0,0.9764773379231212,0.6690251572327044,0.7940284581292278,2544.0,0.5565326633165829,0.9096509240246408,0.6905689789555729,974.0,0.5680661577608143,0.9955406911928651,0.7233697853381936,897.0,0.9970238095238096,0.1298449612403101,0.2297668038408779,2580.0,1.0,0.7144140098787607,0.8334206390780513,2227.0,0.0,0.0,0.0,56.0,0.9090909090909092,0.175438596491228,0.2941176470588235,57.0,0.1578947368421052,0.0441176470588235,0.0689655172413793,136.0,0.5388046387154326,0.6375138949323964,0.5453045197406576,0.4614042391464188,22420.0,0.8441940100456642,0.5388046387154326,0.5432555257671204,22420.0,0.4897680642283674,0.4268371777207758,0.4897680642283674,0.4268371777207758,0.4013380909901873,0.3563779189994783,0.1928233719892952,0.0634244630804456,0.1759099018733274,0.0523664218067507,0.1702096342551293,0.0420860022718163,22420,0,0.5206512042818912,0.4463967773397344,0.4793933987511151,0.4187619192145898,0.4389830508474576,0.3757793743230665,0.313693131132917,0.2731192185358276,0.4500449361400488,0.4110697802576289,0.9689859543720062,0.5772532707794249,12317.0,0.987594390507012,0.9621650026274304,0.9747138674474316,1903.0,0.7324530924252953,0.9768303985171456,0.8371723590150913,1079.0,0.427379692460935,0.4820588441822905,0.4530755015839493,14241.0,1.0,5.830563815520961e-05,0.0001166044776119,17151.0,0.0490499337163057,0.0500751879699248,0.0495572587246074,6650.0,0.9929805615550756,0.2822283609576427,0.4395315487571701,6516.0,0.1043451652386781,0.3003082342580361,0.1548768025434313,2271.0,0.4709698885376809,0.9799238490827276,0.6361797752808989,2889.0,0.5347457627118644,0.9046594982078852,0.6721704394141145,1395.0,0.9996786632390744,0.5220674609833865,0.6859221695513174,5959.0,0.9600704638872578,0.96602658788774,0.9630393167427478,3385.0,0.0,0.0,0.0,930.0,0.9926470588235294,0.9246575342465754,0.9574468085106383,584.0,0.0,0.0,0.0,1731.0,0.4500449361400488,0.5775322968906892,0.554669681262063,0.4934037148552289,79001.0,0.631597231275754,0.4500449361400488,0.3867012193394878,79001.0,0.4189200136707131,0.4687605858946088,0.4189200136707131,0.4687605858946088,0.284733104644245,0.2721938616684623,0.1641270363666282,0.0367944089017724,0.1570916823837673,0.0212564030476484,0.1567435855242339,0.0216888078128489,79001,0,0.4488550777838255,0.4899531000774917,0.4378678750901887,0.4875239983690587,0.4100960747332312,0.4465748759361821,0.3958937228642675,0.4235630230179683,254.61,81.85,20.387874603271484,88
0,0.5099018733273862,0.998696219035202,0.8865740740740741,0.9393010423053342,3456.0,0.73828125,0.9792746113989638,0.8418708240534521,193.0,0.2007722007722007,0.9629629629629628,0.3322683706070287,108.0,0.58495670995671,0.3743074792243767,0.4565033783783784,2888.0,1.0,0.0072695551032276,0.0144341801385681,3439.0,0.0814728229105786,0.8520782396088019,0.1487250613464205,818.0,0.9783670621074668,0.684904738641915,0.8057471264367816,2047.0,0.9691032403918614,0.5055031446540881,0.6644277964350297,2544.0,0.4134615384615384,0.9271047227926078,0.5718809373020899,974.0,0.637042569081404,0.9509476031215162,0.7629695885509838,897.0,1.0,0.027906976744186,0.0542986425339366,2580.0,0.9982857142857144,0.7844634036820836,0.8785516721146593,2227.0,1.0,0.0357142857142857,0.0689655172413793,56.0,1.0,0.087719298245614,0.1612903225806451,57.0,0.0526315789473684,0.0147058823529411,0.0229885057471264,136.0,0.5099018733273862,0.7102047270633364,0.5387624652214431,0.4482815310514542,22420.0,0.8553193792365951,0.5099018733273862,0.5186503130771712,22420.0,0.4656868867082962,0.4158081175742875,0.4656868867082962,0.4158081175742875,0.272386262265834,0.2596526722040818,0.1584344335414808,0.085139103558887,0.144678858162355,0.076934505633026,0.0814406779661016,0.0349093591871544,22420,0,0.4948260481712756,0.4385265470826767,0.4497323818019625,0.4073570547417721,0.4165923282783229,0.369145031335263,0.3032114183764496,0.2876436468168515,0.3900963278945836,0.8860621081790349,0.9868474466184948,0.9337430382177836,12317.0,0.9257620452310718,0.9894902785076196,0.9565659131318264,1903.0,0.947261663286004,0.865616311399444,0.9046004842615012,1079.0,0.2139289678135405,0.1082789129976827,0.143782926942981,14241.0,0.9873417721518988,0.0181913591044254,0.0357245090742543,17151.0,0.0313598090565537,0.1422556390977443,0.0513906996957844,6650.0,0.9828093191585614,0.6668201350521793,0.7945506080277955,6516.0,0.0783042394014962,0.2073976221928666,0.113685734974656,2271.0,0.3747542272906016,0.9896157840083074,0.5436394751853965,2889.0,0.5574354407836153,0.8974910394265233,0.6877231529799506,1395.0,1.0,0.0414499077026346,0.0796003867225265,5959.0,0.9588080631025416,0.9695716395864108,0.964159811985899,3385.0,1.0,0.0258064516129032,0.050314465408805,930.0,0.9964788732394366,0.9691780821917808,0.9826388888888888,584.0,0.0,0.0,0.0,1731.0,0.3900963278945836,0.662687101912957,0.5252007072999344,0.4828080063665367,79001.0,0.6714479841731755,0.3900963278945836,0.3749761049592823,79001.0,0.3759167605473348,0.4682854032860685,0.3759167605473348,0.4682854032860685,0.319738990645688,0.3468628247616587,0.2066049796838014,0.0715139503508962,0.1911773268692801,0.0624707940053541,0.1844115897267123,0.0553306757655099,79001,0,0.3886533081859723,0.4811895363066263,0.3914001088593815,0.4825035551177386,0.3735142593131732,0.4597696660072847,0.3682231870482652,0.4352367288533372,237.2,65.91,22.499176025390625,85
0,0.506378233719893,0.999648382559775,0.8226273148148148,0.9025396825396824,3456.0,0.3529411764705882,0.9948186528497408,0.5210312075983717,193.0,0.4334763948497854,0.9351851851851852,0.592375366568915,108.0,0.4985844605221768,0.5488227146814404,0.5224987638041866,2888.0,1.0,0.0014539110206455,0.002903600464576,3439.0,0.0873102610807528,0.8789731051344744,0.1588423726941345,818.0,0.9863263445761168,0.5285784074255008,0.688295165394402,2047.0,0.9769001490312966,0.5153301886792453,0.6747297992794647,2544.0,0.5454545454545454,0.8747433264887063,0.6719242902208202,974.0,0.6087551299589603,0.992196209587514,0.7545570156846121,897.0,1.0,0.0364341085271317,0.0703066566940912,2580.0,0.999400838825644,0.7489896722047598,0.8562628336755647,2227.0,0.0,0.0,0.0,56.0,1.0,0.0526315789473684,0.1,57.0,0.0529801324503311,0.0588235294117647,0.0557491289198606,136.0,0.506378233719893,0.6361185210519982,0.5326405269972195,0.4381343922359121,22420.0,0.8461860247452314,0.506378233719893,0.5125300079979418,22420.0,0.4480374665477253,0.3924043182182825,0.4480374665477253,0.3924043182182825,0.2095941123996431,0.2459206592584812,0.1674487065120428,0.0732731057300551,0.1829348795718109,0.0793429181318986,0.1486128456735058,0.0596720158389756,22420,0,0.483942908117752,0.4259913902564659,0.4378679750223015,0.4020565926093579,0.3887600356824264,0.3644095926170252,0.2590990187332738,0.2618289630807023,0.3648814571967443,0.9103899065136428,0.9724770642201837,0.9404098296302112,12317.0,0.9407075236671648,0.9921177088807148,0.9657289002557544,1903.0,0.9385530227948464,0.8776645041705282,0.907088122605364,1079.0,0.233160621761658,0.139035180113756,0.1741961025821493,14241.0,0.0,0.0,0.0,17151.0,0.0352436222947648,0.1753383458646616,0.0586902904313686,6650.0,0.9918074756784434,0.297268262737876,0.4574329909080175,6516.0,0.0765840220385675,0.1836195508586525,0.1080870917573872,2271.0,0.4040931545518701,0.991000346140533,0.5740926408662522,2889.0,0.5650140318054256,0.8659498207885304,0.6838380979337674,1395.0,1.0,0.0924651787212619,0.1692780337941628,5959.0,0.945752009184845,0.9734121122599704,0.9593827340224196,3385.0,1.0,0.0709677419354838,0.1325301204819277,930.0,1.0,0.9075342465753424,0.9515260323159784,584.0,0.0,0.0,0.0,1731.0,0.3648814571967443,0.6027536926860819,0.5025900042178331,0.472152065838984,79001.0,0.4662912897933026,0.3648814571967443,0.3549874646454867,79001.0,0.3514525132593258,0.4485397837564299,0.3514525132593258,0.4485397837564299,0.2830204680953405,0.267756520818692,0.232485664738421,0.0751065874247764,0.2204491082391362,0.0703863357619854,0.1928684447032316,0.0576271331300648,79001,0,0.3614258047366489,0.4700466536254677,0.3657168896596245,0.4774166648181135,0.3449196845609549,0.4398472463903572,0.336476753458817,0.4137031136137983,257.58,90.34,22.637680053710938,85
0,0.5529884032114184,0.9973190348525468,0.96875,0.9828269484808454,3456.0,0.3893442622950819,0.9844559585492229,0.5580029368575624,193.0,0.4644549763033175,0.9074074074074074,0.6144200626959248,108.0,0.4114377913230548,0.7946675900277008,0.5421686746987951,2888.0,1.0,0.0008723466123873,0.0017431725740848,3439.0,0.0968263594097432,0.5855745721271394,0.1661751951431049,818.0,0.9868287740628168,0.4758182706399609,0.6420566908371786,2047.0,0.9884969325153374,0.5066823899371069,0.66995841995842,2544.0,0.530369442705072,0.8696098562628337,0.6588875923765072,974.0,0.5073779795686719,0.9966555183946488,0.6724332455810456,897.0,0.9983443708609272,0.2337209302325581,0.3787688442211055,2580.0,1.0,0.6079928154467894,0.7562133482267523,2227.0,1.0,0.0178571428571428,0.0350877192982456,56.0,1.0,0.1228070175438596,0.21875,57.0,0.0727272727272727,0.1176470588235294,0.0898876404494382,136.0,0.5529884032114184,0.6962351464415895,0.5460345916574859,0.4658253660932674,22420.0,0.8345480568892867,0.5529884032114184,0.5454939165444258,22420.0,0.5249375557537913,0.4408524711943367,0.5249375557537913,0.4408524711943367,0.3805619982158786,0.2956403866453859,0.2620561998215879,0.1276039697790147,0.155735950044603,0.0512664311375288,0.1850669045495094,0.0614237385020374,22420,0,0.5445584299732382,0.4593210879292008,0.5120874219446923,0.4398560532574505,0.4704727921498662,0.3815913526860923,0.3789473684210526,0.2951552760249062,0.5198794951962633,0.9288564850345356,0.9826256393602338,0.9549848108257388,12317.0,0.8466036887089519,0.9889647924330004,0.9122636936500242,1903.0,0.8473547267996531,0.9054680259499536,0.8754480286738351,1079.0,0.328247345275126,0.8595604241275191,0.4750742242834688,14241.0,0.0,0.0,0.0,17151.0,0.0615696887686062,0.0410526315789473,0.0492601948754962,6650.0,0.9948792977322604,0.2087170042971148,0.3450463021692249,6516.0,0.0834016393442623,0.1792162043152796,0.1138302335337715,2271.0,0.5572441742654508,0.9518864659051576,0.7029652351738241,2889.0,0.7246376811594203,0.931899641577061,0.8153026026967701,1395.0,0.9935765673175744,0.6489343849639201,0.7850979595980103,5959.0,0.9728588661037394,0.9530280649926144,0.9628413669601552,3385.0,1.0,0.1989247311827957,0.3318385650224215,930.0,1.0,0.8561643835616438,0.922509225092251,584.0,0.0,0.0,0.0,1731.0,0.5198794951962633,0.622615344033972,0.5804294929496828,0.5497641628369994,79001.0,0.4945602385846475,0.5198794951962633,0.4556438823892996,79001.0,0.5112796040556449,0.5337572543747556,0.5112796040556449,0.5337572543747556,0.4446310806192327,0.378209641732983,0.3107061935924862,0.0982865123399863,0.292839331147707,0.086839576278854,0.2522930089492538,0.0657897031935406,79001,0,0.5189681143276668,0.548438646190084,0.5173352236047645,0.5538062930428346,0.481247072821863,0.4846512207684298,0.4550955051201883,0.4378163685127418,238.04,77.27,22.757640838623047,81
0,0.4827386262265834,0.9996274217585692,0.7763310185185185,0.8739413680781759,3456.0,0.2149321266968326,0.9844559585492229,0.3528319405756732,193.0,0.0507280413339596,1.0,0.0965578900312919,108.0,0.5112994350282486,0.4387119113573407,0.4722325754752143,2888.0,1.0,0.0008723466123873,0.0017431725740848,3439.0,0.0983853311439518,0.8789731051344744,0.1769628353433423,818.0,0.97544128933231,0.6209086468001954,0.7588059701492538,2047.0,0.9720149253731344,0.6143867924528302,0.7528901734104047,2544.0,0.8362369337979094,0.7392197125256673,0.784741144414169,974.0,0.5078534031413613,0.9732441471571908,0.6674311926605505,897.0,1.0,0.0193798449612403,0.0380228136882129,2580.0,1.0,0.6165244723843736,0.7627777777777778,2227.0,0.0,0.0,0.0,56.0,1.0,0.0350877192982456,0.0677966101694915,57.0,0.0555555555555555,0.0073529411764705,0.0129870129870129,136.0,0.4827386262265834,0.6148049642107889,0.5136965744618772,0.387981498488977,22420.0,0.8523155213584531,0.4827386262265834,0.5016731454058123,22420.0,0.4463737734165923,0.3683786739426072,0.4463737734165923,0.3683786739426072,0.3089919714540589,0.2724638689563309,0.1645227475468332,0.0327206599762864,0.1564139161462979,0.0227081801401133,0.154678858162355,0.0192579997129586,22420,0,0.4589652096342551,0.374905223301358,0.419892952720785,0.3547676956026114,0.3780107047279215,0.3265584943549923,0.2515611061552185,0.2190153837193812,0.3507423956658776,0.3218322747335558,0.9708532921977754,0.4834151961676066,12317.0,0.9624871531346352,0.9842354177614292,0.973239802546116,1903.0,0.487758945386064,0.9601482854494904,0.646893537308773,1079.0,0.2994387586662265,0.06368934765817,0.1050376375217139,14241.0,0.0,0.0,0.0,17151.0,0.0404873477038425,0.0974436090225563,0.0572059148090929,6650.0,0.989010989010989,0.3038674033149171,0.4648978633482038,6516.0,0.1363838294091514,0.4055482166446499,0.2041223404255319,2271.0,0.6849482023156612,0.7781239183108342,0.7285691135958515,2889.0,0.7557921102066374,0.8652329749103943,0.8068181818181818,1395.0,1.0,0.1382782346031213,0.2429603420315494,5959.0,0.9495268138801262,0.978138847858198,0.9636204889406288,3385.0,1.0,0.3806451612903225,0.5514018691588785,930.0,1.0,0.7568493150684932,0.8615984405458089,584.0,0.0,0.0,0.0,1731.0,0.3507423956658776,0.5751777616297926,0.5122036016060235,0.4726520485478625,79001.0,0.3965757168007048,0.3507423956658776,0.2889757835717223,79001.0,0.3252503132871736,0.4288797373021086,0.3252503132871736,0.4288797373021086,0.2442639966582701,0.2606104635213935,0.1563752357565094,0.0208629577701357,0.1561765040948848,0.018379098433813,0.1559676459791648,0.0181012978110929,79001,0,0.34817280793914,0.470812360513735,0.344666523208567,0.4643570387457059,0.3185655877773699,0.4011602564319287,0.291831748965203,0.3382830096542542,307.9,83.68,22.84984588623047,115
0,0.5477252453166815,0.9990105540897096,0.8764467592592593,0.9337237977805178,3456.0,0.7351778656126482,0.9637305699481864,0.8340807174887892,193.0,0.1747899159663865,0.9629629629629628,0.2958748221906117,108.0,0.3646933048242683,0.9449445983379502,0.5262751904348665,2888.0,1.0,0.0005815644082582,0.001162452775356,3439.0,0.0604540023894862,0.3092909535452323,0.1011393164101539,818.0,0.986444212721585,0.4621397166585246,0.6294078509647372,2047.0,0.9874908020603383,0.5275157232704403,0.6876761465539328,2544.0,0.6987951807228916,0.7741273100616016,0.7345348270823185,974.0,0.6054013503375844,0.8996655518394648,0.7237668161434978,897.0,0.9953161592505856,0.1647286821705426,0.2826737612238111,2580.0,1.0,0.7602155365963179,0.8637755102040816,2227.0,0.0,0.0,0.0,56.0,1.0,0.1052631578947368,0.1904761904761904,57.0,0.2857142857142857,0.0294117647058823,0.0533333333333333,136.0,0.5477252453166815,0.6595525089126514,0.5187349901106241,0.4571933822041465,22420.0,0.8385773865785853,0.5477252453166815,0.5396981478628259,22420.0,0.5140633363068688,0.4295256840989793,0.5140633363068688,0.4295256840989793,0.2851471900089206,0.262439513487415,0.1460749330954504,0.0752932992732863,0.1021989295272078,0.0482511814758142,0.0901561106155218,0.0347102868037242,22420,0,0.5300624442462087,0.4470857871534892,0.4863514719000892,0.423372230953416,0.4313559322033898,0.3678126638587839,0.2910347903657448,0.2579503872159193,0.4944241212136555,0.969112587020885,0.983275148169197,0.9761425002014992,12317.0,0.926709296606001,0.9900157645822386,0.9573170731707316,1903.0,0.8966861598440545,0.8526413345690455,0.8741092636579573,1079.0,0.3296477695984984,0.7892704164033425,0.4650585460714138,14241.0,0.0,0.0,0.0,17151.0,0.0523326572008113,0.077593984962406,0.0625075711689884,6650.0,0.9935162094763093,0.3057090239410681,0.4675507569534092,6516.0,0.0686417692468182,0.1448701012769705,0.0931483578708946,2271.0,0.6308566019876952,0.922810661128418,0.7494026704146171,2889.0,0.5822596630327056,0.8422939068100358,0.688543803105772,1395.0,0.9991529013130028,0.3958717905688874,0.5670673076923077,5959.0,0.938422247446084,0.9769571639586412,0.9573020697640758,3385.0,1.0,0.0021505376344086,0.0042918454935622,930.0,1.0,0.9571917808219178,0.9781277340332458,584.0,0.0,0.0,0.0,1731.0,0.4944241212136555,0.6258225241848577,0.5493767743217718,0.522704633306565,79001.0,0.5015010370501161,0.4944241212136555,0.4481606909084361,79001.0,0.4738066606751813,0.5056380924358166,0.4738066606751813,0.5056380924358166,0.40210123922482,0.3696328927277176,0.189331780610372,0.0630284708036253,0.1915532714775762,0.066213581246663,0.1310869482664776,0.0335343569870833,79001,0,0.4929051530993278,0.5215589176606669,0.488576093973494,0.5217205766710459,0.460373919317477,0.4869569065384987,0.4370577587625473,0.4321140899043035,283.58,90.97,20.38270568847656,99
0,0.548706512042819,0.9995702621400946,0.6730324074074074,0.8044267681134359,3456.0,0.3747126436781609,0.844559585492228,0.5191082802547771,193.0,0.082442748091603,1.0,0.152327221438646,108.0,0.4236231382057499,0.8469529085872576,0.5647656430385593,2888.0,1.0,0.0023262576330328,0.0046417174354511,3439.0,0.1128689492325856,0.5843520782396088,0.1891945378982782,818.0,0.9824281150159744,0.6008793356130924,0.7456805092452258,2047.0,0.9595732734418866,0.6717767295597484,0.7902890173410405,2544.0,0.5278944211157769,0.9034907597535934,0.6664142370314274,974.0,0.6218867924528302,0.9186176142697882,0.7416741674167416,897.0,0.9975186104218362,0.1558139534883721,0.2695273214884344,2580.0,1.0,0.7718904355635384,0.8712620375063356,2227.0,1.0,0.0178571428571428,0.0350877192982456,56.0,0.0,0.0,0.0,57.0,0.0437158469945355,0.0588235294117647,0.0501567398119122,136.0,0.548706512042819,0.608415653386069,0.5366915158584383,0.4269703944879007,22420.0,0.8330605867413386,0.548706512042819,0.5439003147816748,22420.0,0.5081445138269403,0.3988605197774996,0.5081445138269403,0.3988605197774996,0.3815521855486173,0.3238470068746806,0.1845673505798394,0.0731018192864123,0.1733586083853702,0.0569343669975663,0.1690231935771632,0.0502961299769706,22420,0,0.5350133809099019,0.4196487418673926,0.4841659232827832,0.3907230529395792,0.4338983050847457,0.3507562289861045,0.2921944692239072,0.2521398664991116,0.4824495892457057,0.8487162702742017,0.9473897864739792,0.8953425918821454,12317.0,0.8945610687022901,0.9852863899106674,0.937734433608402,1903.0,0.6635514018691588,0.9870250231696016,0.793591654247392,1079.0,0.3060038446063749,0.4806544484235657,0.373941546025676,14241.0,0.0,0.0,0.0,17151.0,0.0458824349766404,0.0989473684210526,0.0626935353246629,6650.0,0.9894291754756872,0.5027624309392266,0.6667345069705912,6516.0,0.106264869151467,0.2950242184059885,0.15625,2271.0,0.5462461300309598,0.9771547248182764,0.7007571056224401,2889.0,0.6532556908417152,0.8845878136200717,0.7515225334957369,1395.0,0.998458376156218,0.6521228394025843,0.7889554359963455,5959.0,0.9528629265471372,0.9734121122599704,0.9630279117346192,3385.0,1.0,0.3408602150537634,0.5084202085004009,930.0,1.0,0.8578767123287672,0.9235023041474656,584.0,0.0,0.0,0.0,1731.0,0.4824495892457057,0.6003488125754566,0.5988736055485011,0.5681649178370586,79001.0,0.4734367688315568,0.4824495892457057,0.4576711733624172,79001.0,0.4486614093492488,0.5455422324089237,0.4486614093492488,0.5455422324089237,0.3374476272452247,0.37033347793936,0.2200870875052215,0.0544070199052998,0.2122973126922444,0.0472270656078687,0.2260427083201478,0.0533292637821443,79001,0,0.4779559752408197,0.5620458910271763,0.4780445817141555,0.5806428206486065,0.4365261199225326,0.5082322580615538,0.3895393729193301,0.440355059386679,243.52,69.28,22.503780364990234,87
0,0.5394290811775201,0.9991670137442732,0.6941550925925926,0.8191907119685846,3456.0,0.4586466165413533,0.9481865284974094,0.6182432432432432,193.0,0.0776978417266187,1.0,0.144192256341789,108.0,0.3799701046337818,0.8801939058171745,0.5307997494257674,2888.0,1.0,0.0014539110206455,0.002903600464576,3439.0,0.0890285415030112,0.4156479217603912,0.1466465387103731,818.0,0.9862857142857144,0.4215925744992672,0.5906913073237509,2047.0,0.8903049613108784,0.7688679245283019,0.8251423750263658,2544.0,0.5927762039660056,0.8593429158110883,0.7015926236378877,974.0,0.7026086956521739,0.9007803790412486,0.789447972642892,897.0,1.0,0.0786821705426356,0.1458857348185411,2580.0,1.0,0.8262236192186798,0.9048438652569462,2227.0,1.0,0.0178571428571428,0.0350877192982456,56.0,0.0,0.0,0.0,57.0,0.2368421052631578,0.0661764705882353,0.1034482758620689,136.0,0.5394290811775201,0.6275551865751312,0.5252773704516541,0.4238743982680688,22420.0,0.827202836763042,0.5394290811775201,0.5234704974932397,22420.0,0.4943800178412131,0.3902581979961396,0.4943800178412131,0.3902581979961396,0.2546520963425513,0.1882326160634867,0.2202453166815343,0.0661535552975638,0.2074174843889384,0.0546572504751265,0.1806066012488849,0.0373634118802519,22420,0,0.5250669045495093,0.4135272461251992,0.4826048171275647,0.3836289438007599,0.4245762711864407,0.3381800172621398,0.2937555753791258,0.2502269429341927,0.460184048303186,0.7402866842700868,0.9559957781927416,0.8344258229103922,12317.0,0.91845703125,0.9884393063583816,0.9521640091116174,1903.0,0.2965440356744704,0.9860982391102872,0.455967430897793,1079.0,0.3598028968194714,0.8460080050558247,0.5048820349495035,14241.0,0.0,0.0,0.0,17151.0,0.0170800187178287,0.0109774436090225,0.0133650677407543,6650.0,0.994887525562372,0.1493247391037446,0.2596744061916199,6516.0,0.1020712061730066,0.3320123293703214,0.1561399875750673,2271.0,0.5148026315789473,0.9750778816199376,0.673842841765339,2889.0,0.6127136752136753,0.8222222222222222,0.7021732476277931,1395.0,1.0,0.0604128209431112,0.1139420794429498,5959.0,0.9508484493856056,0.9601181683899556,0.9554608261061296,3385.0,1.0,0.2290322580645161,0.3727034120734908,930.0,0.0,0.0,0.0,584.0,0.0,0.0,0.0,1731.0,0.460184048303186,0.5004996103096977,0.4877146128026711,0.39964941109283,79001.0,0.450469667721979,0.460184048303186,0.3682638004845998,79001.0,0.4510601131631245,0.3876910193610856,0.4510601131631245,0.3876910193610856,0.3263363754889178,0.2232694881970605,0.1672333261604283,0.0284510700869383,0.1672978823052872,0.025766280072475,0.1613511221376944,0.0220417971232601,79001,0,0.4571461120745307,0.3965188185555165,0.4575764863735902,0.3999574270020548,0.4424121213655523,0.3653841449973286,0.408083441981747,0.3291147410402492,278.35,88.06,22.668216705322266,97
0,0.4869313113291704,1.0,0.8148148148148148,0.8979591836734694,3456.0,0.2976744186046511,0.9948186528497408,0.4582338902147971,193.0,0.2560975609756097,0.9722222222222222,0.4054054054054054,108.0,0.4935064935064935,0.6447368421052632,0.5590752139318421,2888.0,1.0,0.0005815644082582,0.001162452775356,3439.0,0.0877462266564338,0.8386308068459658,0.158869847151459,818.0,0.9897610921501706,0.2833414753297508,0.4405620964679073,2047.0,0.9643056330172894,0.6796383647798742,0.7973253400968411,2544.0,0.6101321585903083,0.8531827515400411,0.711472602739726,974.0,0.4588235294117647,1.0,0.6290322580645161,897.0,1.0,0.0093023255813953,0.0184331797235023,2580.0,1.0,0.531656937584194,0.6942245675754911,2227.0,0.0,0.0,0.0,56.0,0.0,0.0,0.0,57.0,0.173076923076923,0.0661764705882353,0.0957446808510638,136.0,0.4869313113291704,0.5554082690659763,0.5126068819099837,0.3911667145780918,22420.0,0.8382131686861257,0.4869313113291704,0.4807400450834873,22420.0,0.443550401427297,0.362501493833352,0.443550401427297,0.362501493833352,0.2294558429973237,0.2286506690774374,0.1006422836752899,0.0480562719971675,0.0813425512934879,0.0388861621885145,0.0535102586975914,0.0176493551268217,22420,0,0.467707404103479,0.3782207062125801,0.4191347011596789,0.3481850157053218,0.3663693131132917,0.3015659216129466,0.2340767172167707,0.2000468991755022,0.3986152074024379,0.9545750569846956,0.952017536737842,0.9532945815210764,12317.0,0.8814745683621092,0.9926431949553336,0.9337617399901136,1903.0,0.575,0.9805375347544022,0.7249057896539911,1079.0,0.2962996636057823,0.4576925777684151,0.359722950412539,14241.0,0.0,0.0,0.0,17151.0,0.0420051160077188,0.1407518796992481,0.0647012062350948,6650.0,0.9932785660941,0.2041129527317372,0.3386378103119032,6516.0,0.0976089092695709,0.2624394539850286,0.1422943774620986,2271.0,0.5456857757777342,0.965385946694358,0.69725,2889.0,0.5290373906125696,0.953405017921147,0.6804809414172422,1395.0,1.0,0.0087262963584494,0.0173016137082016,5959.0,0.9799937480462644,0.9261447562776958,0.9523086269744836,3385.0,1.0,0.0021505376344086,0.0042918454935622,930.0,1.0,0.2226027397260274,0.3641456582633053,584.0,0.0,0.0,0.0,1731.0,0.3986152074024379,0.5929972529840363,0.4712406950162728,0.4155398094295741,79001.0,0.4854742950623186,0.3986152074024379,0.3656990040978939,79001.0,0.3827343957671422,0.4092310155292095,0.3827343957671422,0.4092310155292095,0.256908140403286,0.2364376147302946,0.179145833597043,0.0608729720103567,0.180491386184985,0.0569271820700717,0.1299958228376855,0.0344593116152796,79001,0,0.3946405741699472,0.4115231970869967,0.3970202908823939,0.4345603292652881,0.3850331008468247,0.406180064436193,0.3654637283072366,0.3712475972047455,266.21,98.84,22.8519287109375,86
0,0.4592774308652988,1.0,0.8246527777777778,0.9039010466222646,3456.0,0.8888888888888888,0.9533678756476685,0.92,193.0,0.156891495601173,0.9907407407407408,0.2708860759493671,108.0,0.4973821989528796,0.131578947368421,0.208105147864184,2888.0,1.0,0.0008723466123873,0.0017431725740848,3439.0,0.0756925930219079,0.7982885085574573,0.1382742191635786,818.0,0.9864472410454984,0.4978016609672692,0.6616883116883117,2047.0,0.975448536355052,0.4060534591194968,0.5734110463502636,2544.0,0.3861720067453625,0.9404517453798767,0.5475194261805141,974.0,0.7785588752196837,0.987736900780379,0.8707616707616708,897.0,1.0,0.0972868217054263,0.1773225008830802,2580.0,0.9989883662114316,0.8868432869330939,0.939581351094196,2227.0,0.0,0.0,0.0,56.0,1.0,0.0175438596491228,0.0344827586206896,57.0,0.0267857142857142,0.2867647058823529,0.0489949748743718,136.0,0.4592774308652988,0.651417061088506,0.5213322424747647,0.4197781135084384,22420.0,0.8484631374662561,0.4592774308652988,0.4789013306343633,22420.0,0.4233809099018734,0.400334706868848,0.4233809099018734,0.400334706868848,0.2068822479928635,0.2535235820008611,0.1449821587867975,0.0560273739729502,0.147279214986619,0.0457732851771902,0.1327966101694915,0.0293580246352646,22420,0,0.4425512934879572,0.4097804071193777,0.4004014272970562,0.3831871458540416,0.3678412132024978,0.3571237664654617,0.2581623550401427,0.280435982546838,0.3930076834470449,0.5932246048525118,0.9568076642039458,0.7323742348444832,12317.0,0.9803191489361702,0.9684708355228586,0.9743589743589745,1903.0,0.6911375661375662,0.968489341983318,0.8066383635661907,1079.0,0.3023770038695412,0.0384102240011235,0.0681619937694704,14241.0,1.0,0.0004081394670864,0.0008159459144422,17151.0,0.0362771644796223,0.1571428571428571,0.0589462996389891,6650.0,0.9798030800302954,0.5956108041743401,0.7408609334733225,6516.0,0.0814574589851201,0.1880228974020255,0.113669639291894,2271.0,0.3867873547689813,0.991000346140533,0.5564085122922943,2889.0,0.6642287234042553,0.7161290322580646,0.6892031735081062,1395.0,1.0,0.4559489847289814,0.6263254956201014,5959.0,0.8947368421052632,0.9893648449039882,0.9396745230078564,3385.0,1.0,0.0591397849462365,0.1116751269035533,930.0,0.9918200408997956,0.8304794520547946,0.9040074557315936,584.0,0.0,0.0,0.0,1731.0,0.3930076834470449,0.6401445992312749,0.5276950139286769,0.4882080447947515,79001.0,0.642102605010986,0.3930076834470449,0.3584925485838293,79001.0,0.3699092416551689,0.4617294994605746,0.3699092416551689,0.4617294994605746,0.2945329805951823,0.3255192296555686,0.2042645029809749,0.0441000858854783,0.1880900241769091,0.0360797919897642,0.1670042151365172,0.030026616980544,79001,0,0.3888558372678827,0.4859526765466113,0.3727927494588676,0.4798309955016215,0.3409577093960836,0.4324091212733663,0.3117555473981342,0.3794373192154964,258.9,71.58,20.39120483398437,94
mean,0.5172881355932205,0.9992329919729267,0.815306712962963,0.8956010326525827,3456.0,0.5158418178829356,0.9538860103626943,0.6412393865974739,193.0,0.20358127140821924,0.9731481481481481,0.31475507144722226,108.0,0.4641172854444733,0.6320637119113572,0.49539714129539086,2888.0,1.0,0.0018319278860133403,0.0036500203145841603,3439.0,0.08734317038898044,0.6794621026894866,0.15331220649327693,818.0,0.9851015320741748,0.5040058622374206,0.6595425041823127,2047.0,0.9660115791420196,0.5864779874213837,0.722987857258099,2544.0,0.5697825094875993,0.8650924024640657,0.6739536659941033,974.0,0.5996374482585248,0.9615384615384615,0.7335443712844704,897.0,0.9988202950057158,0.09531007751937981,0.16650062591155929,2580.0,0.9996674919322789,0.7249214189492591,0.8360913602509855,2227.0,0.4,0.00892857142857141,0.01742286751361161,56.0,0.6909090909090909,0.05964912280701752,0.106691352890584,57.0,0.11579241518572489,0.07499999999999998,0.06022558100775673,136.0,0.5172881355932205,0.6397225932728443,0.5291081678884149,0.4320610030062676,22420.0,0.8418080108510578,0.5172881355932205,0.5188313244648062,22420.0,0.47583229259589654,0.40257613612251075,0.47583229259589654,0.40257613612251075,0.2930561998215878,0.2686748893567639,0.17417975022301513,0.0700793621952069,0.15272702943800173,0.0527120703163529,0.13661016949152538,0.038672632393597535,22420.0,0.0,0.5003345227475469,0.42134039143874746,0.4571632471008028,0.39518957046789005,0.411685994647636,0.3532922443501876,0.2875735950044603,0.25775625665492324,0.4304325261705547,0.7564125758120779,0.96772753105464,0.8281385876980363,12317.0,0.9264675915105405,0.9841828691539674,0.9537848407270992,1903.0,0.7076300614217114,0.9360518999073216,0.7826415033887889,1079.0,0.3096286564477154,0.42646583807316896,0.31229334641428647,14241.0,0.29873417721518986,0.001865780420966701,0.00366570594663084,17151.0,0.041128779292269435,0.09915789473684207,0.052831803864483905,6650.0,0.9902402199774094,0.35164211172498466,0.4974917727111257,6516.0,0.09350631082581383,0.24984588287098192,0.13561045654347326,2271.0,0.5116388141105582,0.9521979923849082,0.6563107370196914,2889.0,0.6179120169771883,0.8683870967741936,0.7177776173997434,1395.0,0.9990866508025871,0.3016277898976338,0.40764508241574726,5959.0,0.9503880429688865,0.9666174298375185,0.9580817676239015,3385.0,0.9,0.13096774193548383,0.2067467458536602,930.0,0.8980945972962762,0.7282534246575343,0.7845502547529175,584.0,0.0,0.0,0.0,1731.0,0.4304325261705547,0.6000578996438815,0.5309994188953431,0.48650468149063897,79001.0,0.5213456834304541,0.4304325261705547,0.38595716723424545,79001.0,0.41089910254300577,0.4658054623809581,0.41089910254300577,0.4658054623809581,0.31937140036202066,0.3050826015753191,0.2030361640991886,0.055342403547926536,0.19574638295717772,0.049154610851449745,0.17577650915811188,0.03919289642013683,79001.0,0.0,0.4277578764825762,0.48380397975903716,0.4250996822825027,0.4882319699182068,0.39936456500550627,0.44311657608411237,0.3759420766825736,0.40008710504035727,262.589,81.778,21.99300537109375,91.7
std,0.03299032279334505,0.0007907124329482255,0.08752276265944466,0.05345940369401252,0.0,0.2303325068342698,0.04930302827271534,0.19162223518910382,0.0,0.1432974590034762,0.03191125191496996,0.17822448965708168,0.0,0.0679067774267052,0.2583014405075593,0.10769327987038008,0.0,0.0,0.0020007938166440213,0.003970031206999314,0.0,0.014036929014570619,0.20386695850871284,0.023834256727895083,0.0,0.005104984203807374,0.11355001130949663,0.10226256929199093,0.0,0.028098141312964706,0.11097026024603182,0.08070684251948533,0.0,0.1299673063505967,0.06445625591291977,0.07077664440703127,0.0,0.09567764891023743,0.04096895167226971,0.06876263100744089,0.0,0.0016923828456357243,0.07474591788039397,0.12201378405672615,0.0,0.0005977324182308535,0.10900605532517843,0.07567396298584073,0.0,0.5163977794943223,0.012626906806902616,0.02452690944217026,0.0,0.47759729223867986,0.06088615244360405,0.10467276695823918,0.0,0.0913574020732224,0.08068156896673649,0.02981268171788067,0.0,0.03299032279334505,0.04418046003655338,0.012492523596895929,0.027470864371734686,0.0,0.008993892090348643,0.03299032279334505,0.025325280258277558,0.0,0.03494725719413038,0.025829591338604733,0.03494725719413038,0.025829591338604733,0.07293015710068633,0.047630258039809394,0.04439270761706565,0.0252107645008974,0.037464944766506456,0.016597137364984107,0.04601400979694573,0.015065000856450425,0.0,0.0,0.03571564175387927,0.0284082326995888,0.03685390031929755,0.029214206075023088,0.03481240613152653,0.024792598835899536,0.04107192228979383,0.029773995941840093,0.058460516695099475,0.23530042261276915,0.014065207549785186,0.17413936138703082,0.0,0.04424932751928655,0.010384759515872807,0.020515195297479503,0.0,0.2118098686422024,0.05440642561075396,0.1412195289630079,0.0,0.06007698197633909,0.3280022109563029,0.17088545965061205,0.0,0.4810200606433152,0.005737635572308397,0.011267188903401103,0.0,0.012300984127361582,0.05455099869361457,0.014928636839883262,0.0,0.005157183636441058,0.17543187157554305,0.17890712262663133,0.0,0.01997755240109812,0.08283786053918085,0.033256969099713575,0.0,0.10340914043089747,0.06469226734613308,0.07443359425483194,0.0,0.07913753944365916,0.06641413611870733,0.05376791057213086,0.0,0.0020032156769846836,0.2596706918401827,0.3106848492481758,0.0,0.023129801956733972,0.01739558844565257,0.0076058534610402425,0.0,0.31622776601683794,0.14559720379706198,0.21517991935143552,0.0,0.3155746548065411,0.33526782168881225,0.33087281852743444,0.0,0.0,0.0,0.0,0.0,0.058460516695099475,0.04446908579086688,0.04027385035837871,0.05272833971798269,0.0,0.09284609109312228,0.058460516695099475,0.05357426577243925,0.0,0.059351715590750344,0.051161704817178376,0.059351715590750344,0.051161704817178376,0.06288485028214036,0.05943569830136886,0.045334131447092536,0.02349768295543986,0.040152860825743195,0.023206338523041086,0.03927238309243647,0.017292681327165382,0.0,0.0,0.05893980267809523,0.052678683350214195,0.058891161081335026,0.05315089567504507,0.05533115924699918,0.044056461455665684,0.052215111044448044,0.042370976993574734,22.28221585330627,10.668299666665622,1.1145742983350673,10.011659869039365
mean +- std,0.5173 +- 0.033,0.9992 +- 0.0008,0.8153 +- 0.0875,0.8956 +- 0.0535,3456.0 +- 0.0,0.5158 +- 0.2303,0.9539 +- 0.0493,0.6412 +- 0.1916,193.0 +- 0.0,0.2036 +- 0.1433,0.9731 +- 0.0319,0.3148 +- 0.1782,108.0 +- 0.0,0.4641 +- 0.0679,0.6321 +- 0.2583,0.4954 +- 0.1077,2888.0 +- 0.0,1.0 +- 0.0,0.0018 +- 0.002,0.0037 +- 0.004,3439.0 +- 0.0,0.0873 +- 0.014,0.6795 +- 0.2039,0.1533 +- 0.0238,818.0 +- 0.0,0.9851 +- 0.0051,0.504 +- 0.1136,0.6595 +- 0.1023,2047.0 +- 0.0,0.966 +- 0.0281,0.5865 +- 0.111,0.723 +- 0.0807,2544.0 +- 0.0,0.5698 +- 0.13,0.8651 +- 0.0645,0.674 +- 0.0708,974.0 +- 0.0,0.5996 +- 0.0957,0.9615 +- 0.041,0.7335 +- 0.0688,897.0 +- 0.0,0.9988 +- 0.0017,0.0953 +- 0.0747,0.1665 +- 0.122,2580.0 +- 0.0,0.9997 +- 0.0006,0.7249 +- 0.109,0.8361 +- 0.0757,2227.0 +- 0.0,0.4 +- 0.5164,0.0089 +- 0.0126,0.0174 +- 0.0245,56.0 +- 0.0,0.6909 +- 0.4776,0.0596 +- 0.0609,0.1067 +- 0.1047,57.0 +- 0.0,0.1158 +- 0.0914,0.075 +- 0.0807,0.0602 +- 0.0298,136.0 +- 0.0,0.5173 +- 0.033,0.6397 +- 0.0442,0.5291 +- 0.0125,0.4321 +- 0.0275,22420.0 +- 0.0,0.8418 +- 0.009,0.5173 +- 0.033,0.5188 +- 0.0253,22420.0 +- 0.0,0.4758 +- 0.0349,0.4026 +- 0.0258,0.4758 +- 0.0349,0.4026 +- 0.0258,0.2931 +- 0.0729,0.2687 +- 0.0476,0.1742 +- 0.0444,0.0701 +- 0.0252,0.1527 +- 0.0375,0.0527 +- 0.0166,0.1366 +- 0.046,0.0387 +- 0.0151,22420.0 +- 0.0,0.0 +- 0.0,0.5003 +- 0.0357,0.4213 +- 0.0284,0.4572 +- 0.0369,0.3952 +- 0.0292,0.4117 +- 0.0348,0.3533 +- 0.0248,0.2876 +- 0.0411,0.2578 +- 0.0298,0.4304 +- 0.0585,0.7564 +- 0.2353,0.9677 +- 0.0141,0.8281 +- 0.1741,12317.0 +- 0.0,0.9265 +- 0.0442,0.9842 +- 0.0104,0.9538 +- 0.0205,1903.0 +- 0.0,0.7076 +- 0.2118,0.9361 +- 0.0544,0.7826 +- 0.1412,1079.0 +- 0.0,0.3096 +- 0.0601,0.4265 +- 0.328,0.3123 +- 0.1709,14241.0 +- 0.0,0.2987 +- 0.481,0.0019 +- 0.0057,0.0037 +- 0.0113,17151.0 +- 0.0,0.0411 +- 0.0123,0.0992 +- 0.0546,0.0528 +- 0.0149,6650.0 +- 0.0,0.9902 +- 0.0052,0.3516 +- 0.1754,0.4975 +- 0.1789,6516.0 +- 0.0,0.0935 +- 0.02,0.2498 +- 0.0828,0.1356 +- 0.0333,2271.0 +- 0.0,0.5116 +- 0.1034,0.9522 +- 0.0647,0.6563 +- 0.0744,2889.0 +- 0.0,0.6179 +- 0.0791,0.8684 +- 0.0664,0.7178 +- 0.0538,1395.0 +- 0.0,0.9991 +- 0.002,0.3016 +- 0.2597,0.4076 +- 0.3107,5959.0 +- 0.0,0.9504 +- 0.0231,0.9666 +- 0.0174,0.9581 +- 0.0076,3385.0 +- 0.0,0.9 +- 0.3162,0.131 +- 0.1456,0.2067 +- 0.2152,930.0 +- 0.0,0.8981 +- 0.3156,0.7283 +- 0.3353,0.7846 +- 0.3309,584.0 +- 0.0,0.0 +- 0.0,0.0 +- 0.0,0.0 +- 0.0,1731.0 +- 0.0,0.4304 +- 0.0585,0.6001 +- 0.0445,0.531 +- 0.0403,0.4865 +- 0.0527,79001.0 +- 0.0,0.5213 +- 0.0928,0.4304 +- 0.0585,0.386 +- 0.0536,79001.0 +- 0.0,0.4109 +- 0.0594,0.4658 +- 0.0512,0.4109 +- 0.0594,0.4658 +- 0.0512,0.3194 +- 0.0629,0.3051 +- 0.0594,0.203 +- 0.0453,0.0553 +- 0.0235,0.1957 +- 0.0402,0.0492 +- 0.0232,0.1758 +- 0.0393,0.0392 +- 0.0173,79001.0 +- 0.0,0.0 +- 0.0,0.4278 +- 0.0589,0.4838 +- 0.0527,0.4251 +- 0.0589,0.4882 +- 0.0532,0.3994 +- 0.0553,0.4431 +- 0.0441,0.3759 +- 0.0522,0.4001 +- 0.0424,262.589 +- 22.2822,81.778 +- 10.6683,21.993 +- 1.1146,91.7 +- 10.0117
